,LAT,LON,SPCD,DBH
0,7.0164206628484385,34.23374752121555,Xymalos monospora,36.725415552960676
1,7.0164206628484385,34.23374752121555,Leptonychia mildbraedii,42.789226156666196
2,7.0164206628484385,34.23374752121555,Alangium chinense,32.59384809345882
3,7.0164206628484385,34.23374752121555,Newtonia buchananii,29.57734666154668
4,7.0164206628484385,34.23374752121555,Drypetes sppTEAM3,30.302692813361165
5,7.0164206628484385,34.23374752121555,Cassipourea gummifera,36.48786154290127
6,7.0164206628484385,34.23374752121555,Myrianthus holstii,31.594351463611492
7,7.0164206628484385,34.23374752121555,Carapa grandiflora,40.69756883111454
8,7.0164206628484385,34.23374752121555,Sapium ellipticum,38.612765305775056
9,7.0164206628484385,34.23374752121555,Clausena anisata,33.13005411257342
10,7.0164206628484385,34.23374752121555,Psychotria mahonii,37.845837710534894
11,7.0164206628484385,34.23374752121555,Millettia dura,32.289852863253685
12,7.0164206628484385,34.23374752121555,unknown sppET1,32.14283965322432
13,7.0164206628484385,34.23374752121555,Ilex mitis,30.38497426063201
14,7.0164206628484385,34.23374752121555,Macaranga barteri,36.70644868345979
15,7.0164206628484385,34.23374752121555,unknown sppTEAM9,33.90286249847235
16,7.0164206628484385,34.23374752121555,unknown sppTEAM9,39.54371967172621
17,7.0164206628484385,34.23374752121555,Ilex mitis,42.45573368068066
18,7.0164206628484385,34.23374752121555,Psychotria mahonii,39.08745926229835
19,7.0164206628484385,34.23374752121555,Polyscias fulva,42.793562949082556
20,7.0164206628484385,34.23374752121555,unknown sppTEAM2,37.35049543200825
21,7.008967139728136,34.232346531240964,Carapa grandiflora,36.440843070111676
22,7.008967139728136,34.232346531240964,Polyscias fulva,31.100484576264243
23,7.008967139728136,34.232346531240964,Psychotria mahonii,35.51247719021706
24,7.008967139728136,34.232346531240964,Leptonychia mildbraedii,32.095414645517224
25,7.008967139728136,34.232346531240964,Leptonychia mildbraedii,30.172463448418778
26,7.008967139728136,34.232346531240964,Maesa lanceolata,39.74307139632884
27,7.008967139728136,34.232346531240964,Psychotria mahoni,34.04252539164637
28,7.008967139728136,34.232346531240964,Polyscias fulva,40.58520087147805
29,7.008967139728136,34.232346531240964,Maesa lanceolata,33.831550712522365
30,7.008967139728136,34.232346531240964,Alangium chinense,33.07885048951459
31,7.008967139728136,34.232346531240964,Sapium ellipticum,32.44166821802551
32,7.008967139728136,34.232346531240964,Polyscias fulva,35.56029579438884
33,-0.8750309768410716,28.376308259292397,Bridelia micrantha,32.79321767597222
34,-0.8750309768410716,28.376308259292397,Macaranga barteri,31.34974979309633
35,-0.8750309768410716,28.376308259292397,Carapa grandiflora,33.63426983216464
36,-0.8750309768410716,28.376308259292397,Sapium ellipticum,32.367150488666226
37,-0.8750309768410716,28.376308259292397,Newtonia buchananii,32.98969108477561
38,-0.8750309768410716,28.376308259292397,Croton macrostachyus,35.17997039770616
39,-0.8750309768410716,28.376308259292397,Sapium ellipticum,26.217382979930164
40,-0.8750309768410716,28.376308259292397,unknown sppTEAM9,29.2275660365188
41,-0.8750309768410716,28.376308259292397,Leptonychia mildbraedii,31.011876816302426
42,-0.8750309768410716,28.376308259292397,Leptonychia mildbraedii,25.115642032445905
43,-0.8750309768410716,28.376308259292397,Syzygium guineense,35.02553468489331
44,-0.8750309768410716,28.376308259292397,Macaranga barteri,33.32692335398931
45,-0.8750309768410716,28.376308259292397,Ilex mitis,28.88677375812836
46,-0.8750309768410716,28.376308259292397,Macaranga barteri,32.511500361477346
47,-0.8750309768410716,28.376308259292397,Millettia dura,29.87729983721648
48,-0.8750309768410716,28.376308259292397,Millettia dura,27.38160830711635
49,-0.8750309768410716,28.376308259292397,Maesa lanceolata,25.97595463403208
50,-0.8750309768410716,28.376308259292397,Macaranga barteri,27.978617410823144
51,-0.8750309768410716,28.376308259292397,Newtonia buchananii,27.97073134438242
52,-0.8750309768410716,28.376308259292397,Newtonia buchananii,27.299659364190344
53,-0.8750309768410716,28.376308259292397,Ficus natelensis,26.35016824154064
54,-0.8750309768410716,28.376308259292397,Bridelia micrantha,34.476936473606955
55,-0.8750309768410716,28.376308259292397,Ilex mitis,31.816087134027416
56,-0.8750309768410716,28.376308259292397,Millettia dura,30.77500114142963
57,-0.8750309768410716,28.376308259292397,Trichoscypha submontana,31.420062778937027
58,-0.8750309768410716,28.376308259292397,unknown sppTEAM2,31.119646700663704
59,-0.8750309768410716,28.376308259292397,Macaranga barteri,25.764336654161372
60,-0.8750309768410716,28.376308259292397,Drypetes sppTEAM3,25.182428817360076
61,-0.8750309768410716,28.376308259292397,Parinari excelsa,35.019104728312
62,-0.8750309768410716,28.376308259292397,Ilex mitis,35.44412715936094
63,-0.8750309768410716,28.376308259292397,Xymalos monospora,31.821053609752294
64,-0.8750309768410716,28.376308259292397,Albizia gummifera,31.808026298366553
65,-0.8750309768410716,28.376308259292397,Millettia dura,34.07562342988876
66,-0.8750309768410716,28.376308259292397,Tabernaemontana holstii,28.203038230737953
67,-0.8750309768410716,28.376308259292397,Xymalos monospora,27.119114270306074
68,-0.8750309768410716,28.376308259292397,Erythrina abyssinica,31.34252189490663
69,-0.8750309768410716,28.376308259292397,Cassipourea sppTEAM1,29.15261607229662
70,-0.8750309768410716,28.376308259292397,Albizia gummifera,30.794079792851935
71,-0.8750309768410716,28.376308259292397,Myrianthus holstii,27.404702886183543
72,-0.8750309768410716,28.376308259292397,Leptonychia mildbraedii,33.473535550281625
73,-0.8750309768410716,28.376308259292397,unknown sppTEAM9,30.40311026335906
74,-0.8750309768410716,28.376308259292397,Chrysophyllum sppTEAM5,32.220681183334854
75,-0.8750309768410716,28.376308259292397,Sapium ellipticum,25.936340077789406
76,-0.8750309768410716,28.376308259292397,Maesa lanceolata,29.273814814299595
77,-0.8750309768410716,28.376308259292397,Alangium chinense,34.48489873939541
78,-0.8750309768410716,28.376308259292397,Sapium ellipticum,32.13746407997225
79,-0.8750309768410716,28.376308259292397,Macaranga barteri,35.46116132145319
80,-0.8750309768410716,28.376308259292397,Psychotria mahonii,31.269084809339233
81,-0.8750309768410716,28.376308259292397,unknown sppTEAM9,33.13088573968213
82,-0.8750309768410716,28.376308259292397,Sapium ellipticum,33.847082295138115
83,-0.8750309768410716,28.376308259292397,Millettia dura,26.300069400965988
84,-0.8750309768410716,28.376308259292397,Dichaetanthera corymbosa,28.980783110869407
85,-0.8750309768410716,28.376308259292397,Maesa lanceolata,34.87596109915659
86,-0.8750309768410716,28.376308259292397,Sapium ellipticum,24.17137745884697
87,-0.8750309768410716,28.376308259292397,Millettia ferruginea,24.72756859540754
88,-0.8750309768410716,28.376308259292397,Trichoscypha submontana,26.76857315536872
89,-0.8750309768410716,28.376308259292397,Xymalos monospora,30.92648230712709
90,-0.8750309768410716,28.376308259292397,Sapium ellipticum,25.0474313663377
91,-0.8750309768410716,28.376308259292397,Allophylus abyssinicus,25.901520557043423
92,-0.8750309768410716,28.376308259292397,Sapium ellipticum,29.05386213599726
93,-0.8750309768410716,28.376308259292397,Leptonychia mildbraedii,28.266623992230144
94,-0.8750309768410716,28.376308259292397,Xymalos monospora,25.174200744504503
95,-0.8750309768410716,28.376308259292397,Pauridiantha callicarpoides,33.55580993433732
96,-0.8750309768410716,28.376308259292397,Drypetes ugandensis,29.970616525514377
97,-0.8750309768410716,28.376308259292397,Rytigynia ruwenzoriensis,33.428402806442385
98,-0.8750309768410716,28.376308259292397,Macaranga barteri,30.155278065739076
99,-0.8750309768410716,28.376308259292397,Carapa grandiflora,31.28956035191043
100,-0.8750309768410716,28.376308259292397,Leptonychia mildbraedii,30.179798125926617
101,-0.8750309768410716,28.376308259292397,Millettia dura,23.821384928819967
102,-0.8750309768410716,28.376308259292397,Sapium ellipticum,31.350496243016533
103,-0.8750309768410716,28.376308259292397,Macaranga barteri,25.664459030335863
104,-0.8750309768410716,28.376308259292397,Ilex mitis,33.53206434750441
105,-0.8750309768410716,28.376308259292397,Allophylus abyssinicus,28.390507840152292
106,-0.8750309768410716,28.376308259292397,Carapa grandiflora,30.293483354605193
107,-0.8750309768410716,28.376308259292397,Drypetes sppTEAM3,24.482763646044383
108,-0.8750309768410716,28.376308259292397,unknown sppTEAM9,29.64876904880283
109,-0.8750309768410716,28.376308259292397,Dichaetanthera corymbosa,34.715888890215034
110,-0.8750309768410716,28.376308259292397,Drypetes ugandensis,24.84841480536404
111,-0.8750309768410716,28.376308259292397,Bridelia micrantha,23.99022587734835
112,-0.8750309768410716,28.376308259292397,Ocotea usambarensis,26.019598054894306
113,-0.8750309768410716,28.376308259292397,Entandrophragma excelsum,25.552682546890473
114,-0.8750309768410716,28.376308259292397,Polyscias fulva,25.451479297535496
115,-0.8750309768410716,28.376308259292397,Macaranga barteri,30.09100505394126
116,-0.8750309768410716,28.376308259292397,unknown sppTEAM9,27.56274425126942
117,-0.8750309768410716,28.376308259292397,Prunus africana,30.082009710581968
118,-0.8750309768410716,28.376308259292397,Macaranga barteri,27.404460499892913
119,-0.8750309768410716,28.376308259292397,Cassipourea sppTEAM1,25.943950566890205
120,-0.8750309768410716,28.376308259292397,Tabernaemontana holstii,26.218069654433894
121,-0.8750309768410716,28.376308259292397,Newtonia buchananii,29.247468140537894
122,-0.8750309768410716,28.376308259292397,Millettia dura,30.200494690154617
123,-0.8750309768410716,28.376308259292397,Alangium chinense,35.39882305865574
124,-0.8750309768410716,28.376308259292397,Cassipourea sppTEAM1,30.262712488755543
125,-0.8750309768410716,28.376308259292397,unknown sppTEAM9,30.673492641801253
126,-0.8750309768410716,28.376308259292397,Macaranga barteri,32.63942895647231
127,-0.8750309768410716,28.376308259292397,Drypetes sppTEAM3,25.933835599134035
128,-0.8750309768410716,28.376308259292397,Rytigynia ruwenzoriensis,32.43511888331102
129,-0.8750309768410716,28.376308259292397,unknown sppTEAM9,27.407773376809384
130,-0.8750309768410716,28.376308259292397,Millettia dura,26.177828952965296
131,-0.8750309768410716,28.376308259292397,Sapium ellipticum,34.05236780559005
132,-0.8750309768410716,28.376308259292397,unknown sppTEAM9,33.648802693941484
133,-0.8750309768410716,28.376308259292397,Millettia dura,31.404161287949883
134,-0.8750309768410716,28.376308259292397,unknown sppTEAM9,34.493493160461526
135,-0.8750309768410716,28.376308259292397,Millettia dura,26.692044906566643
136,-0.8750309768410716,28.376308259292397,Macaranga barteri,30.030283920166706
137,-0.8750309768410716,28.376308259292397,Sapium ellipticum,28.512516272944524
138,-0.8750309768410716,28.376308259292397,Sapium ellipticum,24.639545672274963
139,-0.8750309768410716,28.376308259292397,unknown sppTEAM9,27.343983409670233
140,-0.8750309768410716,28.376308259292397,unknown sppTEAM9,30.07896856117808
141,-0.8750309768410716,28.376308259292397,Millettia dura,25.114089027095105
142,-0.8750309768410716,28.376308259292397,Funtumia sppTEAM1,29.551217595704053
143,-0.8750309768410716,28.376308259292397,Macaranga barteri,35.16690442973392
144,-0.8750309768410716,28.376308259292397,Ilex mitis,25.927637158862694
145,-0.8750309768410716,28.376308259292397,Ilex mitis,28.25488061369199
146,-0.8750309768410716,28.376308259292397,Cyathea manniana,30.258346339260093
147,-0.8750309768410716,28.376308259292397,Newtonia buchananii,25.132050400668735
148,-0.8750309768410716,28.376308259292397,Psychotria mahonii,34.93409722832518
149,-0.8750309768410716,28.376308259292397,Drypetes sppTEAM3,33.98179798012454
150,-0.8750309768410716,28.376308259292397,Millettia dura,33.67377806901936
151,-0.8750309768410716,28.376308259292397,Allophylus abyssinicus,30.039650405634863
152,-0.8750309768410716,28.376308259292397,Alangium chinense,29.93999952018017
153,-0.8750309768410716,28.376308259292397,Psychotria mahonii,28.976731205052374
154,-0.8750309768410716,28.376308259292397,Sapium ellipticum,29.749921858033872
155,-0.8750309768410716,28.376308259292397,Millettia dura,30.933574662793337
156,-0.8750309768410716,28.376308259292397,Bridelia micrantha,29.951915147411928
157,-0.8750309768410716,28.376308259292397,Macaranga barteri,28.28842582952874
158,-0.8750309768410716,28.376308259292397,Alangium chinense,24.288463569965007
159,-0.8750309768410716,28.376308259292397,Millettia dura,35.1537781254717
160,-0.8750309768410716,28.376308259292397,Carapa grandiflora,31.78085130554948
161,-0.8750309768410716,28.376308259292397,Xymalos monospora,26.73745073917733
162,-0.8750309768410716,28.376308259292397,Erythrina abyssinica,27.14070028522582
163,-0.8750309768410716,28.376308259292397,Ilex mitis,27.325298265672718
164,-0.8750309768410716,28.376308259292397,Psychotria mahonii,26.276607696792485
165,-0.8750309768410716,28.376308259292397,Millettia dura,32.883982778569234
166,-0.8750309768410716,28.376308259292397,Prunus africana,31.09495015424265
167,-0.8750309768410716,28.376308259292397,Allophylus abyssinicus,25.22961824816243
168,-0.8750309768410716,28.376308259292397,Sapium ellipticum,35.40540614031484
169,-0.8750309768410716,28.376308259292397,Macaranga barteri,24.190450522321946
170,-0.8750309768410716,28.376308259292397,Millettia dura,27.882601284569933
171,-0.8750309768410716,28.376308259292397,Macaranga kilimandscharica,25.232332556044785
172,-0.8750309768410716,28.376308259292397,Macaranga barteri,24.773430341111688
173,-0.8750309768410716,28.376308259292397,Sapium ellipticum,29.12758021436377
174,-0.8750309768410716,28.376308259292397,Maesopsis eminii,32.688142117422416
175,-0.8750309768410716,28.376308259292397,Sapium ellipticum,31.51294419484661
176,-0.8750309768410716,28.376308259292397,Maesa lanceolata,26.2298203749301
177,-0.8750309768410716,28.376308259292397,Millettia dura,28.42642250500775
178,-0.8750309768410716,28.376308259292397,Rytigynia ruwenzoriensis,33.59515888726951
179,-0.8750309768410716,28.376308259292397,Leptonychia mildbraedii,24.509545588988676
180,-0.8750309768410716,28.376308259292397,Prunus africana,28.018143100839076
181,-0.8750309768410716,28.376308259292397,Polyscias fulva,24.343103123565445
182,-0.8750309768410716,28.376308259292397,Myrianthus holstii,26.164155562801863
183,-0.8750309768410716,28.376308259292397,unknown sppTEAM9,28.999484812653208
184,-0.8750309768410716,28.376308259292397,Ocotea usambarensis,30.436930429946422
185,-0.8750309768410716,28.376308259292397,Ilex mitis,30.420186107491386
186,-0.8750309768410716,28.376308259292397,Millettia dura,35.200453993083926
187,-0.8750309768410716,28.376308259292397,Sapium ellipticum,29.23125795095849
188,-0.8750309768410716,28.376308259292397,Millettia ferruginea,34.377960607578544
189,-0.8750309768410716,28.376308259292397,Alangium chinense,26.86202809326761
190,-0.8750309768410716,28.376308259292397,Millettia dura,28.12540610678229
191,-0.8750309768410716,28.376308259292397,Carapa grandiflora,30.974169275148306
192,-0.8750309768410716,28.376308259292397,Newtonia buchananii,32.67463482351936
193,-0.8750309768410716,28.376308259292397,Xymalos monospora,29.61733819392757
194,-0.8750309768410716,28.376308259292397,Sapium ellipticum,26.57084426207764
195,-0.8750309768410716,28.376308259292397,Alangium chinense,29.765898273022405
196,-0.8750309768410716,28.376308259292397,Macaranga barteri,32.20258556510797
197,-0.8750309768410716,28.376308259292397,Ocotea usambarensis,24.248732709003907
198,-0.8750309768410716,28.376308259292397,Alangium chinense,26.89872362982742
199,-0.8750309768410716,28.376308259292397,Sapium ellipticum,30.23593329505532
200,-0.8750309768410716,28.376308259292397,Bridelia micrantha,32.89674998312736
201,-0.8750309768410716,28.376308259292397,Sapium ellipticum,34.4438002172377
202,-0.8750309768410716,28.376308259292397,Cyathea manniana,28.470087341989622
203,-0.8750309768410716,28.376308259292397,Xymalos monospora,25.570524284073375
204,-0.8750309768410716,28.376308259292397,Ficus sur,24.46622477283622
205,-0.8750309768410716,28.376308259292397,Millettia dura,35.38937761307333
206,-0.8750309768410716,28.376308259292397,Sapium ellipticum,32.27476885291631
207,-0.8750309768410716,28.376308259292397,Macaranga barteri,32.63043310503283
208,-0.8750309768410716,28.376308259292397,Macaranga barteri,25.43439032219595
209,-0.8750309768410716,28.376308259292397,Macaranga barteri,33.40322040029063
210,-0.8750309768410716,28.376308259292397,Alangium chinense,30.451726661140068
211,-0.8750309768410716,28.376308259292397,Leptonychia mildbraedii,32.39363607654806
212,-0.8750309768410716,28.376308259292397,Psychotria mahonii,25.240512194743033
213,-0.8750309768410716,28.376308259292397,Macaranga kilimandscharica,26.266854995371233
214,-0.8750309768410716,28.376308259292397,Psychotria mahonii,34.09248636990531
215,-0.8750309768410716,28.376308259292397,Millettia dura,33.96974721550559
216,-0.8750309768410716,28.376308259292397,Rytigynia ruwenzoriensis,31.951255899223156
217,-0.8750309768410716,28.376308259292397,Maesa lanceolata,31.494237444867547
218,-0.8750309768410716,28.376308259292397,Leptonychia mildbraedii,25.500946436228876
219,-0.8750309768410716,28.376308259292397,Maesa lanceolata,34.52272288625239
220,-0.8750309768410716,28.376308259292397,Alangium chinense,25.578501106271524
221,-0.8750309768410716,28.376308259292397,Funtumia sppTEAM1,29.329545158363125
222,-0.8750309768410716,28.376308259292397,Myrianthus holstii,31.988417521132046
223,-0.8750309768410716,28.376308259292397,Alangium chinense,30.090443683088278
224,-0.8750309768410716,28.376308259292397,Allophylus abyssinicus,33.58028840908695
225,-0.8750309768410716,28.376308259292397,Xymalos monospora,28.718330884606015
226,-0.8750309768410716,28.376308259292397,Syzygium guineense,32.26039335864249
227,-0.8750309768410716,28.376308259292397,Macaranga barteri,28.286578021977164
228,-0.8750309768410716,28.376308259292397,Ilex mitis,30.68213367587212
229,-0.8750309768410716,28.376308259292397,Ilex mitis,31.998305671778738
230,-0.8750309768410716,28.376308259292397,Alangium chinense,25.439999370513995
231,-0.8750309768410716,28.376308259292397,Albizia gummifera,29.852556570203095
232,-0.8750309768410716,28.376308259292397,Carapa grandiflora,33.06026770757683
233,-0.8750309768410716,28.376308259292397,Xymalos monospora,34.354558847252555
234,-0.8750309768410716,28.376308259292397,Albizia gummifera,30.818576418826147
235,-0.8750309768410716,28.376308259292397,Leptonychia mildbraedii,35.661210830431244
236,-0.8750309768410716,28.376308259292397,Prunus africana,31.839983279836815
237,-0.8750309768410716,28.376308259292397,Macaranga barteri,27.111767402824633
238,-0.8750309768410716,28.376308259292397,unknown sppTEAM9,34.52143633096972
239,-0.8750309768410716,28.376308259292397,Xymalos monospora,27.105452975465564
240,-0.8750309768410716,28.376308259292397,Myrianthus holstii,29.111126795653675
241,-0.8750309768410716,28.376308259292397,Carapa grandiflora,31.77758432099336
242,-0.8750309768410716,28.376308259292397,Millettia dura,33.27629507697764
243,-0.8750309768410716,28.376308259292397,Dichaetanthera corymbosa,34.93844904918059
244,-0.8750309768410716,28.376308259292397,Syzygium guineense,29.14608284642965
245,-0.8750309768410716,28.376308259292397,Cassipourea sppTEAM1,33.091038287864706
246,-0.8750309768410716,28.376308259292397,Ilex mitis,34.424501275166556
247,-0.8750309768410716,28.376308259292397,Funtumia africana,27.09139288678963
248,-0.8750309768410716,28.376308259292397,Prunus africana,28.25774919750703
249,-0.8750309768410716,28.376308259292397,Maesa lanceolata,24.201219875509434
250,-0.8750309768410716,28.376308259292397,Leptonychia mildbraedii,31.194526483231993
251,-0.8750309768410716,28.376308259292397,Carapa grandiflora,34.59111447130413
252,-0.8750309768410716,28.376308259292397,Xymalos monospora,32.563848561378904
253,-0.8750309768410716,28.376308259292397,Ilex mitis,32.74747328126108
254,-0.8750309768410716,28.376308259292397,Psychotria mahonii,33.508386300486585
255,-0.8750309768410716,28.376308259292397,Drypetes ugandensis,29.83604166291293
256,-0.8750309768410716,28.376308259292397,Macaranga barteri,28.205618444978107
257,-0.8750309768410716,28.376308259292397,Macaranga kilimandscharica,31.771612921353434
258,-0.8750309768410716,28.376308259292397,unknown sppTEAM9,35.67058588986158
259,-0.8750309768410716,28.376308259292397,Syzygium guineense,25.353770941738905
260,-0.8750309768410716,28.376308259292397,Macaranga barteri,27.831587481428794
261,-0.8750309768410716,28.376308259292397,unknown sppTEAM9,31.516784325882202
262,-0.8750309768410716,28.376308259292397,Leptonychia mildbraedii,26.23589971689789
263,-0.8750309768410716,28.376308259292397,Myrianthus holstii,35.67065547929158
264,-0.8750309768410716,28.376308259292397,Xymalos monospora,32.30218886650897
265,-0.8750309768410716,28.376308259292397,Alangium chinense,30.97059402207969
266,-0.8750309768410716,28.376308259292397,Macaranga kilimandscharica,33.95133438791525
267,-0.8750309768410716,28.376308259292397,Ilex mitis,31.98267233951508
268,-0.8750309768410716,28.376308259292397,Leptonychia mildbraedii,25.501680335999225
269,-0.8750309768410716,28.376308259292397,Dichaetanthera corymbosa,28.149348580249278
270,-0.8750309768410716,28.376308259292397,Leptonychia mildbraedii,25.145111250761126
271,-0.8750309768410716,28.376308259292397,Allophylus abyssinicus,25.423570394803964
272,-0.8750309768410716,28.376308259292397,Sapium ellipticum,32.36882618323582
273,-0.8750309768410716,28.376308259292397,Macaranga kilimandscharica,33.453702102887334
274,-0.8750309768410716,28.376308259292397,Macaranga barteri,29.450834534000574
275,-0.8750309768410716,28.376308259292397,Maesopsis eminii,24.901379979414564
276,-0.8750309768410716,28.376308259292397,Millettia dura,23.906244518907275
277,-0.8750309768410716,28.376308259292397,Sapium ellipticum,32.186231442070145
278,-0.8750309768410716,28.376308259292397,Maesa lanceolata,35.32264276263593
279,-0.8750309768410716,28.376308259292397,Sapium ellipticum,25.896904184483247
280,-0.8750309768410716,28.376308259292397,unknown sppTEAM9,28.470425638984505
281,-0.8750309768410716,28.376308259292397,Macaranga barteri,26.023084489255815
282,-0.8750309768410716,28.376308259292397,Allophylus abyssinicus,35.267946841819985
283,-0.8750309768410716,28.376308259292397,Ficus sur,35.66108413879362
284,-0.8750309768410716,28.376308259292397,Leptonychia mildbraedii,25.91374899179263
285,-0.8750309768410716,28.376308259292397,Macaranga barteri,32.56892452106253
286,-0.8750309768410716,28.376308259292397,Xymalos monospora,31.621877038035112
287,-0.8750309768410716,28.376308259292397,Cassipourea sppTEAM1,23.806883142011785
288,-0.8750309768410716,28.376308259292397,Albizia gummifera,26.008580524614963
289,-0.8750309768410716,28.376308259292397,Millettia dura,25.08749618337556
290,-0.8750309768410716,28.376308259292397,Sapium ellipticum,30.51036155162048
291,-0.8750309768410716,28.376308259292397,Psychotria mahonii,25.881175430191863
292,-0.8750309768410716,28.376308259292397,Leptonychia mildbraedii,31.736265667492304
293,-0.8750309768410716,28.376308259292397,Psychotria mahonii,24.762334251514286
294,-0.8750309768410716,28.376308259292397,Xymalos monospora,32.31013539889599
295,-0.8750309768410716,28.376308259292397,Ilex mitis,27.807653340300323
296,-0.8750309768410716,28.376308259292397,Drypetes sppTEAM3,33.59793313011031
297,-0.8750309768410716,28.376308259292397,Syzygium guineense,28.393529393088233
298,-0.8750309768410716,28.376308259292397,Podocarpus milanjianus,24.397147309378447
299,-0.8750309768410716,28.376308259292397,Macaranga barteri,32.522116996013004
300,-0.8750309768410716,28.376308259292397,Millettia dura,31.991316309074076
301,-0.8750309768410716,28.376308259292397,Macaranga barteri,30.160226112567063
302,-0.8750309768410716,28.376308259292397,Millettia dura,27.988839150680423
303,-0.8750309768410716,28.376308259292397,Alangium chinense,24.418838834959065
304,-0.8750309768410716,28.376308259292397,Millettia dura,24.584756536538517
305,-0.8750309768410716,28.376308259292397,Carapa grandiflora,26.70840101442051
306,-0.8750309768410716,28.376308259292397,Albizia sppTEAM1,23.852354709996543
307,-0.8750309768410716,28.376308259292397,Macaranga barteri,27.84012027916336
308,-0.8750309768410716,28.376308259292397,Psychotria mahonii,30.917746017190375
309,-0.8750309768410716,28.376308259292397,Margaritaria discoidea,34.11476605756484
310,-0.8750309768410716,28.376308259292397,Ehretia cymosa,32.43187667225818
311,-0.8750309768410716,28.376308259292397,Albizia sppTEAM1,26.04842033376313
312,-0.8750309768410716,28.376308259292397,Ritchiea albersii,30.714697847425246
313,-0.8750309768410716,28.376308259292397,Dichaetanthera corymbosa,33.00564483590611
314,-0.8750309768410716,28.376308259292397,unknown sppTEAM9,27.467051695746058
315,-0.8750309768410716,28.376308259292397,Maesa lanceolata,32.04975753949466
316,-0.8750309768410716,28.376308259292397,Millettia dura,33.25060148758096
317,-0.8750309768410716,28.376308259292397,Macaranga kilimandscharica,33.87686397667305
318,-0.8750309768410716,28.376308259292397,Albizia gummifera,28.34646379846963
319,-0.8750309768410716,28.376308259292397,Millettia dura,27.459073104815268
320,-0.8750309768410716,28.376308259292397,Millettia dura,35.26073674003794
321,-0.8750309768410716,28.376308259292397,Ocotea usambarensis,32.48173268916912
322,-0.8750309768410716,28.376308259292397,Albizia gummifera,32.91363991064778
323,-0.8750309768410716,28.376308259292397,Millettia dura,24.901664103778167
324,-0.8750309768410716,28.376308259292397,Sapium ellipticum,33.81079698863435
325,-0.8750309768410716,28.376308259292397,Maesa lanceolata,31.79198580315825
326,-0.8750309768410716,28.376308259292397,Albizia gummifera,30.188989539316346
327,-0.8750309768410716,28.376308259292397,Sapium ellipticum,25.604932198088818
328,-0.8750309768410716,28.376308259292397,Drypetes sppTEAM3,27.003007741322637
329,-0.8750309768410716,28.376308259292397,Leptonychia mildbraedii,31.024179731823885
330,-0.8750309768410716,28.376308259292397,Sapium ellipticum,25.053253757080725
331,-0.8750309768410716,28.376308259292397,Macaranga barteri,32.054373388472015
332,-0.8750309768410716,28.376308259292397,Xymalos monospora,33.86616426708047
333,-0.8750309768410716,28.376308259292397,Strombosia scheffleri,27.760347307898332
334,-0.8750309768410716,28.376308259292397,Pauridiantha callicarpoides,33.3903649623488
335,-0.8750309768410716,28.376308259292397,Ficus sur,26.548253516126074
336,-0.8750309768410716,28.376308259292397,Strombosia scheffleri,33.72964756079612
337,-0.8750309768410716,28.376308259292397,Sapium ellipticum,32.590701339785404
338,-0.8750309768410716,28.376308259292397,Syzygium guineense,29.82226234377126
339,-0.8750309768410716,28.376308259292397,Alangium chinense,29.74674587154667
340,-0.8750309768410716,28.376308259292397,Alangium chinense,35.49801232754007
341,-0.8750309768410716,28.376308259292397,Podocarpus milanjianus,29.73686049710755
342,-0.8750309768410716,28.376308259292397,unknown sppTEAM9,32.55651750337882
343,-0.8750309768410716,28.376308259292397,Xymalos monospora,33.999415840802264
344,-0.8750309768410716,28.376308259292397,Millettia dura,28.469290957950456
345,-0.8750309768410716,28.376308259292397,Ocotea usambarensis,33.00033481715741
346,-0.8750309768410716,28.376308259292397,Ilex mitis,27.228893527056528
347,-0.8750309768410716,28.376308259292397,Millettia dura,26.26650062982294
348,-0.8750309768410716,28.376308259292397,unknown sppTEAM9,25.337925263915437
349,-0.8750309768410716,28.376308259292397,Sapium ellipticum,24.791499638341776
350,-0.8750309768410716,28.376308259292397,Rytigynia kigeziensis,25.808345948921765
351,-0.8750309768410716,28.376308259292397,Trichoscypha submontana,27.221858332791015
352,-0.8750309768410716,28.376308259292397,Albizia gummifera,32.070102895322755
353,-0.8750309768410716,28.376308259292397,Cassipourea sppTEAM1,32.54842315833445
354,-0.8750309768410716,28.376308259292397,Sapium ellipticum,24.18380085575323
355,-0.8750309768410716,28.376308259292397,Macaranga barteri,25.08533669252986
356,-0.8750309768410716,28.376308259292397,Psychotria mahonii,28.579005178682376
357,-0.8750309768410716,28.376308259292397,Alangium chinense,34.880962539066545
358,-0.8750309768410716,28.376308259292397,Macaranga barteri,35.376148905648776
359,-0.8750309768410716,28.376308259292397,Leptonychia mildbraedii,27.784214383812046
360,-0.8750309768410716,28.376308259292397,Sapium ellipticum,24.060897985779548
361,-0.8750309768410716,28.376308259292397,Allophylus abyssinicus,26.33152905675282
362,-0.8750309768410716,28.376308259292397,Drypetes ugandensis,32.52714590298505
363,-0.8750309768410716,28.376308259292397,Macaranga barteri,35.15763827914037
364,-0.8750309768410716,28.376308259292397,Pouteria altissima,29.033916113642842
365,-0.8750309768410716,28.376308259292397,Leptonychia mildbraedii,28.622673385030613
366,-0.8750309768410716,28.376308259292397,Macaranga barteri,34.38217173470693
367,-0.8750309768410716,28.376308259292397,Bridelia micrantha,33.54328469059108
368,-0.8750309768410716,28.376308259292397,Macaranga barteri,30.236966729535254
369,-0.8750309768410716,28.376308259292397,Millettia dura,30.965089526918444
370,-0.8750309768410716,28.376308259292397,Psychotria mahonii,25.35435658064548
371,-0.8750309768410716,28.376308259292397,Psychotria mahonii,28.45432199179376
372,-0.8750309768410716,28.376308259292397,Millettia dura,28.39769805167481
373,-0.8750309768410716,28.376308259292397,unknown sppTEAM2,32.19109928779597
374,-0.8750309768410716,28.376308259292397,Ilex mitis,27.39970114456596
375,-0.8750309768410716,28.376308259292397,Macaranga barteri,32.22834659733229
376,-0.8750309768410716,28.376308259292397,unknown sppTEAM2,30.04198624889267
377,-0.8750309768410716,28.376308259292397,Psychotria mahonii,26.565732480814503
378,-0.8750309768410716,28.376308259292397,Macaranga kilimandscharica,35.5993029179822
379,-0.8750309768410716,28.376308259292397,Xymalos monospora,34.858424264116685
380,-0.8750309768410716,28.376308259292397,Psychotria mahonii,30.93541058867347
381,-0.8750309768410716,28.376308259292397,Leptonychia mildbraedii,30.562562852027767
382,-0.8750309768410716,28.376308259292397,Leptonychia mildbraedii,24.919623317114176
383,-0.8750309768410716,28.376308259292397,Alangium chinense,25.17884027925139
384,-0.8750309768410716,28.376308259292397,Sapium ellipticum,30.141316834419275
385,-0.8750309768410716,28.376308259292397,Polyscias fulva,24.14270284920101
386,-0.8750309768410716,28.376308259292397,Ilex mitis,25.748372054996466
387,-0.8750309768410716,28.376308259292397,Sapium ellipticum,28.753071043354648
388,-0.8750309768410716,28.376308259292397,Millettia dura,29.991289863720997
389,-0.8750309768410716,28.376308259292397,unknown sppTEAM2,31.76383848015664
390,-0.8750309768410716,28.376308259292397,Macaranga barteri,28.95856517781468
391,-0.8750309768410716,28.376308259292397,Xymalos monospora,26.597505913841097
392,-0.8750309768410716,28.376308259292397,Newtonia buchananii,26.217155080298713
393,-0.8750309768410716,28.376308259292397,Myrianthus holstii,28.56249228875493
394,-0.8750309768410716,28.376308259292397,Carapa grandiflora,31.389972802337937
395,-0.8750309768410716,28.376308259292397,Psychotria mahonii,29.13864390916656
396,-0.8750309768410716,28.376308259292397,Harungana madagascariensis,25.95304889559423
397,-0.8750309768410716,28.376308259292397,Trilepisium madagascariensis,32.67820756021277
398,-0.8750309768410716,28.376308259292397,Albizia gummifera,24.378830564636143
399,-0.8750309768410716,28.376308259292397,Bridelia micrantha,31.63064831692452
400,-0.8750309768410716,28.376308259292397,Macaranga barteri,29.94758397725731
401,-0.992033849531824,28.357518710177946,Sapium ellipticum,31.16360715366478
402,-0.992033849531824,28.357518710177946,Ilex mitis,32.35572417161403
403,-0.992033849531824,28.357518710177946,Neoboutonia macrocalyx,34.44156140304385
404,-0.992033849531824,28.357518710177946,unknown sppTEAM9,26.680626245152595
405,-0.992033849531824,28.357518710177946,Allophylus abyssinicus,32.59078786483899
406,-0.992033849531824,28.357518710177946,Maesa lanceolata,32.65947733765971
407,-0.992033849531824,28.357518710177946,Millettia dura,31.206624933287905
408,-0.992033849531824,28.357518710177946,Xymalos monospora,30.310131514598567
409,-0.992033849531824,28.357518710177946,Cassipourea gummifera,28.568599868281243
410,-0.992033849531824,28.357518710177946,Ilex mitis,32.125110245098796
411,-0.992033849531824,28.357518710177946,Macaranga kilimandscharica,27.47376158165939
412,-0.992033849531824,28.357518710177946,Sapium ellipticum,24.17275282325111
413,-0.992033849531824,28.357518710177946,Maesa lanceolata,29.995042868585813
414,-0.992033849531824,28.357518710177946,Cassipourea gummifera,25.186329420980123
415,-0.992033849531824,28.357518710177946,Cassipourea sppTEAM1,32.14842880373147
416,-0.992033849531824,28.357518710177946,Leptonychia mildbraedii,30.464941181467818
417,-0.992033849531824,28.357518710177946,Macaranga barteri,23.80401843846747
418,-0.992033849531824,28.357518710177946,Sapium ellipticum,24.48557597615492
419,-0.992033849531824,28.357518710177946,Cassipourea sppTEAM1,24.077344719023394
420,-0.992033849531824,28.357518710177946,Psychotria mahonii,26.2886781117736
421,-0.992033849531824,28.357518710177946,Syzygium guineense,26.649713768411907
422,-0.992033849531824,28.357518710177946,Myrianthus holstii,27.857204519663277
423,-0.992033849531824,28.357518710177946,Croton macrostachyus,24.962747604296883
424,-0.992033849531824,28.357518710177946,Maesa lanceolata,29.128521730213297
425,-0.992033849531824,28.357518710177946,Xymalos monospora,25.672090310462984
426,-0.992033849531824,28.357518710177946,Myrianthus holstii,33.09923167972025
427,-0.992033849531824,28.357518710177946,unknown sppTEAM2,26.401237067672092
428,-0.992033849531824,28.357518710177946,Alangium chinense,34.7785868523359
429,-0.992033849531824,28.357518710177946,Sapium ellipticum,35.47488341933785
430,-0.992033849531824,28.357518710177946,Croton macrostachyus,23.92073970513271
431,-0.992033849531824,28.357518710177946,Macaranga barteri,27.30674766892087
432,-0.992033849531824,28.357518710177946,Millettia dura,26.87947521493191
433,-0.992033849531824,28.357518710177946,Tabernaemontana holstii,30.971239249139245
434,-0.992033849531824,28.357518710177946,Millettia dura,31.314869280714305
435,-0.992033849531824,28.357518710177946,unknown sppTEAM9,33.45194703989813
436,-0.992033849531824,28.357518710177946,Vepris nobilis,33.286402751913215
437,-0.992033849531824,28.357518710177946,Millettia dura,26.311300160138487
438,-0.992033849531824,28.357518710177946,Macaranga barteri,24.414887795187035
439,-0.992033849531824,28.357518710177946,Bridelia micrantha,25.58112440981805
440,-0.992033849531824,28.357518710177946,Sapium ellipticum,33.61327473435027
441,-0.992033849531824,28.357518710177946,Macaranga kilimandscharica,31.380178453420143
442,-0.992033849531824,28.357518710177946,Psychotria africana,32.55042366571572
443,-0.992033849531824,28.357518710177946,Leptonychia mildbraedii,32.358828260143895
444,-0.992033849531824,28.357518710177946,Maesa lanceolata,28.333670306122386
445,-0.992033849531824,28.357518710177946,Leptonychia mildbraedii,28.957996964510826
446,-0.992033849531824,28.357518710177946,Maesa lanceolata,35.12847343127007
447,-0.992033849531824,28.357518710177946,Millettia dura,35.57331720488963
448,-0.992033849531824,28.357518710177946,Xymalos monospora,34.92860419934666
449,-0.992033849531824,28.357518710177946,Myrianthus holstii,30.212309587149953
450,-0.992033849531824,28.357518710177946,Leptonychia mildbraedii,27.516655360726613
451,-0.992033849531824,28.357518710177946,Ocotea usambarensis,33.80904879797204
452,-0.992033849531824,28.357518710177946,Parinari excelsa,33.82358984082916
453,-0.992033849531824,28.357518710177946,Syzygium guineense,27.143969607584776
454,-0.992033849531824,28.357518710177946,Sapium ellipticum,28.54172912921387
455,-0.992033849531824,28.357518710177946,Myrianthus holstii,25.957482715306078
456,-0.992033849531824,28.357518710177946,Maesopsis eminii,29.828812133752557
457,-0.992033849531824,28.357518710177946,Ilex mitis,29.366101834346644
458,-0.992033849531824,28.357518710177946,Ficalhoa laurifolia,25.593021603856894
459,-0.992033849531824,28.357518710177946,Ilex mitis,26.959108959742043
460,-0.992033849531824,28.357518710177946,Xymalos monospora,26.21271515495368
461,-0.992033849531824,28.357518710177946,Ilex mitis,29.670320409539126
462,-0.992033849531824,28.357518710177946,Strombosia scheffleri,28.387035487609026
463,-0.992033849531824,28.357518710177946,Carapa grandiflora,35.281413135937754
464,-0.992033849531824,28.357518710177946,Alangium chinense,27.878770615512348
465,-0.992033849531824,28.357518710177946,Macaranga barteri,33.88685599916859
466,-0.992033849531824,28.357518710177946,Xymalos monospora,23.97951663424523
467,-0.992033849531824,28.357518710177946,Millettia dura,27.930172542823335
468,-0.992033849531824,28.357518710177946,Sapium ellipticum,27.721559681000162
469,-0.992033849531824,28.357518710177946,Prunus africana,31.467293605684702
470,-0.992033849531824,28.357518710177946,Millettia dura,26.98058123248768
471,-0.992033849531824,28.357518710177946,Millettia dura,35.23819125378875
472,-0.992033849531824,28.357518710177946,Macaranga kilimandscharica,25.336369786135226
473,-0.992033849531824,28.357518710177946,Leptonychia mildbraedii,30.435724243547114
474,-0.992033849531824,28.357518710177946,Carapa grandiflora,34.73088125036229
475,-0.992033849531824,28.357518710177946,Sapium ellipticum,33.798674102692225
476,-0.992033849531824,28.357518710177946,Millettia dura,23.960173880730604
477,-0.992033849531824,28.357518710177946,Carapa grandiflora,30.26678740364172
478,-0.992033849531824,28.357518710177946,Tabernaemontana holstii,27.26163512669495
479,-0.992033849531824,28.357518710177946,Albizia gummifera,33.912461248388354
480,-0.992033849531824,28.357518710177946,Syzygium guineense,32.09161672055879
481,-0.992033849531824,28.357518710177946,Erythrina abyssinica,28.09948347739183
482,-0.992033849531824,28.357518710177946,Macaranga barteri,27.088915249197075
483,-0.992033849531824,28.357518710177946,Polyscias fulva,24.737719728731456
484,-0.992033849531824,28.357518710177946,Xymalos monospora,24.765113401414965
485,-0.992033849531824,28.357518710177946,Macaranga barteri,29.30702290206197
486,-0.992033849531824,28.357518710177946,Ocotea usambarensis,29.217805087868506
487,-0.992033849531824,28.357518710177946,Leptonychia mildbraedii,31.452494075417594
488,-0.992033849531824,28.357518710177946,Millettia dura,27.74655996466707
489,-0.992033849531824,28.357518710177946,Dichaetanthera corymbosa,28.456456186508948
490,-0.992033849531824,28.357518710177946,Syzygium guineense,25.71158764695367
491,-0.992033849531824,28.357518710177946,unknown sppTEAM2,27.441850548292305
492,-0.992033849531824,28.357518710177946,Xymalos monospora,27.343908812362972
493,-0.992033849531824,28.357518710177946,Maesopsis eminii,27.62042298167396
494,-0.992033849531824,28.357518710177946,Polyscias fulva,34.44923967851885
495,-0.992033849531824,28.357518710177946,Carapa grandiflora,32.888125482049716
496,-0.992033849531824,28.357518710177946,Alangium chinense,32.29431250580971
497,-0.992033849531824,28.357518710177946,Myrianthus holstii,35.52417757709687
498,-0.992033849531824,28.357518710177946,Carapa grandiflora,28.315846044916665
499,-0.992033849531824,28.357518710177946,Syzygium guineense,31.07548366524956
500,-0.992033849531824,28.357518710177946,Chrysophyllum sppTEAM5,26.903755332403048
501,-0.992033849531824,28.357518710177946,Lovoa sppTEAM1,32.89112704986697
502,-0.992033849531824,28.357518710177946,Albizia gummifera,32.85135006987066
503,-0.992033849531824,28.357518710177946,Carapa grandiflora,29.589751073365257
504,-0.992033849531824,28.357518710177946,Macaranga kilimandscharica,33.511274846609794
505,-0.992033849531824,28.357518710177946,Xymalos monospora,35.12812367480933
506,-0.992033849531824,28.357518710177946,Prunus africana,28.42126387061098
507,-0.992033849531824,28.357518710177946,Lovoa sppTEAM1,28.09784575821187
508,-0.992033849531824,28.357518710177946,Albizia gummifera,31.304824938880124
509,-0.992033849531824,28.357518710177946,Strombosia scheffleri,33.03485351071984
510,-0.992033849531824,28.357518710177946,Polyscias fulva,32.21471098671642
511,-0.992033849531824,28.357518710177946,Millettia dura,28.572449680718393
512,-0.992033849531824,28.357518710177946,Leptonychia mildbraedii,29.601115655206623
513,-0.992033849531824,28.357518710177946,Macaranga kilimandscharica,28.31743315909533
514,-0.992033849531824,28.357518710177946,Xymalos monospora,29.390435301629118
515,-0.992033849531824,28.357518710177946,Cassipourea sppTEAM1,28.44460938457545
516,-0.992033849531824,28.357518710177946,Xymalos monospora,24.496033560561035
517,-0.992033849531824,28.357518710177946,Ocotea usambarensis,28.415665921893176
518,-0.992033849531824,28.357518710177946,Psychotria mahonii,24.97076645637784
519,-0.992033849531824,28.357518710177946,Neoboutonia macrocalyx,34.13088288398122
520,-0.992033849531824,28.357518710177946,Pauridiantha callicarpoides,35.002873105411176
521,-0.992033849531824,28.357518710177946,Trichoscypha submontana,25.684128368178758
522,-0.992033849531824,28.357518710177946,Myrianthus holstii,31.374410683729383
523,-0.992033849531824,28.357518710177946,Leptonychia mildbraedii,32.23860080071356
524,-0.992033849531824,28.357518710177946,Parinari excelsa,30.423248140046734
525,-0.992033849531824,28.357518710177946,Syzygium guineense,27.090872455707093
526,-0.992033849531824,28.357518710177946,Myrianthus holstii,24.09514892368137
527,-0.992033849531824,28.357518710177946,unknown sppTEAM2,26.17764532417906
528,-0.992033849531824,28.357518710177946,Alangium chinense,32.316895639650475
529,-0.992033849531824,28.357518710177946,Pouteria altissima,23.974004044884715
530,-0.992033849531824,28.357518710177946,Newtonia buchananii,29.41173164217923
531,-0.992033849531824,28.357518710177946,Carapa grandiflora,33.19214015173474
532,-0.992033849531824,28.357518710177946,unknown sppTEAM2,28.200927270010297
533,-0.992033849531824,28.357518710177946,Dichaetanthera corymbosa,33.83421325123959
534,-0.992033849531824,28.357518710177946,Croton macrostachyus,31.356430368336024
535,-0.992033849531824,28.357518710177946,Allophylus abyssinicus,30.34032455961338
536,-0.992033849531824,28.357518710177946,Ilex mitis,34.53449646725968
537,-0.992033849531824,28.357518710177946,Macaranga barteri,35.607627437085675
538,-0.992033849531824,28.357518710177946,Prunus africana,25.70788732539916
539,-0.992033849531824,28.357518710177946,Polyscias fulva,31.912011025686812
540,-0.992033849531824,28.357518710177946,Ilex mitis,27.534603035630013
541,-0.992033849531824,28.357518710177946,Psychotria mahonii,33.0899112701623
542,-0.992033849531824,28.357518710177946,Macaranga barteri,32.173936108264535
543,-0.992033849531824,28.357518710177946,Bridelia micrantha,31.65030714310428
544,-0.992033849531824,28.357518710177946,Ficus sur,34.881663197546466
545,-0.992033849531824,28.357518710177946,Macaranga kilimandscharica,28.820578522333467
546,-0.992033849531824,28.357518710177946,Prunus africana,30.20991753574389
547,-0.992033849531824,28.357518710177946,Leptonychia mildbraedii,27.708803983885332
548,-0.992033849531824,28.357518710177946,Carapa grandiflora,31.39223806260908
549,-0.992033849531824,28.357518710177946,Macaranga kilimandscharica,26.450158155611117
550,-0.992033849531824,28.357518710177946,Ilex mitis,24.939755734565416
551,-0.992033849531824,28.357518710177946,Millettia dura,30.871468219687628
552,-0.992033849531824,28.357518710177946,Erythrina abyssinica,35.12020085773311
553,-0.992033849531824,28.357518710177946,Leptonychia mildbraedii,24.315406699408328
554,-0.992033849531824,28.357518710177946,Croton macrostachyus,26.28861706891426
555,-0.992033849531824,28.357518710177946,Leptonychia mildbraedii,30.106102533566315
556,-0.992033849531824,28.357518710177946,Sapium ellipticum,24.80755745111907
557,-0.992033849531824,28.357518710177946,Sapium ellipticum,34.12593465239681
558,-0.992033849531824,28.357518710177946,Polyscias fulva,29.00819867348028
559,-0.992033849531824,28.357518710177946,Myrianthus holstii,25.897801479653516
560,-0.992033849531824,28.357518710177946,Ocotea usambarensis,26.29824725775628
561,-0.992033849531824,28.357518710177946,unknown sppTEAM9,33.17824123757117
562,-0.992033849531824,28.357518710177946,Ficus natelensis,33.24809099117424
563,-0.992033849531824,28.357518710177946,Millettia dura,32.819604722156654
564,-0.992033849531824,28.357518710177946,Macaranga barteri,29.913370082276966
565,-0.992033849531824,28.357518710177946,Alangium chinense,32.29977807768111
566,-0.992033849531824,28.357518710177946,Albizia gummifera,29.97447837218857
567,-0.992033849531824,28.357518710177946,Prunus africana,28.47798491592431
568,-0.992033849531824,28.357518710177946,Alangium chinense,25.411481197627822
569,-0.992033849531824,28.357518710177946,unknown sppTEAM2,31.377845255766356
570,-0.992033849531824,28.357518710177946,Sapium ellipticum,23.89059343272879
571,-0.992033849531824,28.357518710177946,Ilex mitis,29.552625320200065
572,-0.992033849531824,28.357518710177946,Psychotria africana,26.90508429231803
573,-0.992033849531824,28.357518710177946,unknown sppTEAM9,33.86858170143437
574,-0.992033849531824,28.357518710177946,Xymalos monospora,26.96725470312175
575,-0.992033849531824,28.357518710177946,Lovoa sppTEAM1,32.61581343750718
576,-0.992033849531824,28.357518710177946,Carapa grandiflora,29.878406367184642
577,-0.992033849531824,28.357518710177946,Xylopia sppTEAM2,24.635575993151413
578,-0.992033849531824,28.357518710177946,Millettia dura,28.263389026104395
579,-0.992033849531824,28.357518710177946,Macaranga kilimandscharica,29.94782939674453
580,-0.992033849531824,28.357518710177946,Sapium ellipticum,26.29913585268691
581,-0.992033849531824,28.357518710177946,Erythrina abyssinica,34.214661769242326
582,-0.992033849531824,28.357518710177946,Millettia dura,25.872979865844194
583,-0.992033849531824,28.357518710177946,Millettia dura,24.87618907103577
584,-0.992033849531824,28.357518710177946,Alangium chinense,33.882338826283416
585,-0.992033849531824,28.357518710177946,Albizia gummifera,26.519152157515464
586,-0.992033849531824,28.357518710177946,unknown sppTEAM9,33.01371770873408
587,-0.992033849531824,28.357518710177946,Bridelia micrantha,25.54845863350706
588,-0.992033849531824,28.357518710177946,Sapium ellipticum,26.38234138988936
589,-0.992033849531824,28.357518710177946,Prunus africana,27.30238881625453
590,-0.992033849531824,28.357518710177946,Bridelia micrantha,23.877385608495782
591,-0.992033849531824,28.357518710177946,Leptonychia mildbraedii,25.713931359296243
592,-0.992033849531824,28.357518710177946,Carapa grandiflora,29.9214442839868
593,-0.992033849531824,28.357518710177946,Carapa grandiflora,33.28232730906932
594,-0.992033849531824,28.357518710177946,Millettia dura,32.53533530432694
595,-0.992033849531824,28.357518710177946,Newtonia buchananii,27.94462192196373
596,-0.992033849531824,28.357518710177946,Sapium ellipticum,35.25570501471236
597,-0.992033849531824,28.357518710177946,Bridelia micrantha,24.532764532263855
598,-0.992033849531824,28.357518710177946,Millettia dura,25.947120845876366
599,-0.992033849531824,28.357518710177946,Bridelia micrantha,26.962460597364053
600,-0.992033849531824,28.357518710177946,Prunus africana,28.641594509880406
601,-0.992033849531824,28.357518710177946,Albizia gummifera,33.81674295939876
602,-0.992033849531824,28.357518710177946,Sapium ellipticum,32.45888201960182
603,-0.992033849531824,28.357518710177946,Newtonia buchananii,28.80006262125144
604,-0.992033849531824,28.357518710177946,Millettia dura,31.674232668173488
605,-0.992033849531824,28.357518710177946,Albizia sppTEAM1,28.715603095407584
606,-0.992033849531824,28.357518710177946,Macaranga barteri,26.842027980158132
607,-0.992033849531824,28.357518710177946,Ficus sur,31.102410463684862
608,-0.992033849531824,28.357518710177946,Sapium ellipticum,29.58452875665306
609,-0.992033849531824,28.357518710177946,Macaranga barteri,32.782208211318185
610,-0.992033849531824,28.357518710177946,unknown sppTEAM2,29.782086315988288
611,-0.992033849531824,28.357518710177946,Macaranga barteri,33.10185671122865
612,-0.992033849531824,28.357518710177946,unknown sppTEAM9,30.848131412247852
613,-0.992033849531824,28.357518710177946,unknown sppTEAM9,29.448872041266267
614,-0.992033849531824,28.357518710177946,Sapium ellipticum,35.082495391825205
615,-0.992033849531824,28.357518710177946,Sapium ellipticum,28.752368868523373
616,-0.992033849531824,28.357518710177946,Harungana madagascariensis,29.48058230108406
617,-0.992033849531824,28.357518710177946,Leptonychia mildbraedii,24.47914256381537
618,-0.992033849531824,28.357518710177946,Carapa grandiflora,24.066435221635025
619,-0.992033849531824,28.357518710177946,Millettia dura,32.01323249277613
620,-0.992033849531824,28.357518710177946,Psychotria mahonii,33.535454507277365
621,-0.992033849531824,28.357518710177946,Macaranga kilimandscharica,24.167724325702068
622,-0.992033849531824,28.357518710177946,Podocarpus milanjianus,28.33466619639803
623,-0.992033849531824,28.357518710177946,Allophylus abyssinicus,32.74552408492994
624,-0.992033849531824,28.357518710177946,Albizia sppTEAM1,35.02278812868333
625,-0.992033849531824,28.357518710177946,Macaranga barteri,25.753566533342802
626,-0.992033849531824,28.357518710177946,Millettia dura,28.584933057886353
627,-0.992033849531824,28.357518710177946,Sapium ellipticum,31.613025616342714
628,-0.992033849531824,28.357518710177946,Carapa grandiflora,33.44229611723166
629,-0.992033849531824,28.357518710177946,Prunus africana,25.778700081744898
630,-0.992033849531824,28.357518710177946,Sapium ellipticum,28.04053907407987
631,-0.992033849531824,28.357518710177946,Prunus africana,35.526700536389086
632,-0.992033849531824,28.357518710177946,Margaritaria discoidea,34.283210977478554
633,-0.992033849531824,28.357518710177946,Sapium ellipticum,27.428025194055298
634,-0.992033849531824,28.357518710177946,Allophylus abyssinicus,30.892607038083444
635,-0.992033849531824,28.357518710177946,Xymalos monospora,27.475678200413213
636,-0.992033849531824,28.357518710177946,Macaranga barteri,23.8400099994908
637,-0.992033849531824,28.357518710177946,Leptonychia mildbraedii,33.92637054913336
638,-0.992033849531824,28.357518710177946,Sapium ellipticum,34.380360742245145
639,-0.992033849531824,28.357518710177946,Millettia dura,29.655016388588013
640,-0.992033849531824,28.357518710177946,Albizia gummifera,26.030584578276912
641,-0.992033849531824,28.357518710177946,Trichoscypha submontana,35.607104816400735
642,-0.992033849531824,28.357518710177946,Macaranga kilimandscharica,27.872677822667857
643,-0.992033849531824,28.357518710177946,Leptonychia mildbraedii,28.428150583761525
644,-0.992033849531824,28.357518710177946,Alangium chinense,30.673101158578195
645,-0.992033849531824,28.357518710177946,Psychotria mahonii,25.74721421679581
646,-0.992033849531824,28.357518710177946,Millettia dura,28.613656982771342
647,-0.992033849531824,28.357518710177946,Alangium chinense,26.613591545247356
648,-0.992033849531824,28.357518710177946,Strombosia scheffleri,35.11841869919578
649,-0.992033849531824,28.357518710177946,Myrianthus holstii,24.627500035495398
650,-0.992033849531824,28.357518710177946,Croton macrostachyus,29.728167976243004
651,-0.992033849531824,28.357518710177946,Millettia dura,35.25408858773681
652,-0.992033849531824,28.357518710177946,Allophylus abyssinicus,33.32470680223879
653,-0.992033849531824,28.357518710177946,Ilex mitis,28.712445522060893
654,-0.992033849531824,28.357518710177946,Cassipourea sppTEAM1,32.29367882697659
655,-0.992033849531824,28.357518710177946,Ilex mitis,34.307416176293124
656,-0.992033849531824,28.357518710177946,Ilex mitis,35.0152052379814
657,-0.992033849531824,28.357518710177946,unknown sppTEAM9,24.493684579485944
658,-0.992033849531824,28.357518710177946,Bridelia micrantha,27.23760648327307
659,-0.992033849531824,28.357518710177946,Leptonychia mildbraedii,32.36788200774097
660,-0.992033849531824,28.357518710177946,Macaranga barteri,32.2648405927614
661,-0.992033849531824,28.357518710177946,Sapium ellipticum,25.055548720614453
662,-0.992033849531824,28.357518710177946,Macaranga barteri,24.366996076050366
663,-0.992033849531824,28.357518710177946,Alangium chinense,31.372741910813478
664,-0.992033849531824,28.357518710177946,Ilex mitis,28.80406527520725
665,-0.992033849531824,28.357518710177946,Alangium chinense,32.09695395841453
666,-0.992033849531824,28.357518710177946,Albizia gummifera,30.21078870394719
667,-0.992033849531824,28.357518710177946,Carapa grandiflora,24.471586775876627
668,-0.992033849531824,28.357518710177946,Millettia dura,33.259000793803956
669,-0.992033849531824,28.357518710177946,Leptonychia mildbraedii,27.88273022796324
670,-0.992033849531824,28.357518710177946,Ilex mitis,33.17684152802593
671,-0.992033849531824,28.357518710177946,Ficus natelensis,25.719777178566922
672,-0.992033849531824,28.357518710177946,Allophylus abyssinicus,28.38579641517309
673,-0.992033849531824,28.357518710177946,Millettia dura,34.28843214120189
674,-0.992033849531824,28.357518710177946,Carapa grandiflora,26.96624909741895
675,-0.992033849531824,28.357518710177946,Leptonychia mildbraedii,28.104447919463475
676,-0.992033849531824,28.357518710177946,Millettia ferruginea,28.285563048585104
677,-0.992033849531824,28.357518710177946,Alangium chinense,29.31799746922547
678,-0.992033849531824,28.357518710177946,Millettia dura,28.373155296706987
679,-0.992033849531824,28.357518710177946,Prunus africana,26.45663361291033
680,-0.992033849531824,28.357518710177946,Sapium ellipticum,24.606505705359496
681,-0.992033849531824,28.357518710177946,Millettia dura,25.477372632160893
682,-0.992033849531824,28.357518710177946,Sapium ellipticum,33.04006829377797
683,-0.992033849531824,28.357518710177946,Ocotea usambarensis,29.583971843223605
684,-0.992033849531824,28.357518710177946,Carapa grandiflora,25.33834679295627
685,-0.992033849531824,28.357518710177946,Macaranga barteri,25.204890733606835
686,-0.992033849531824,28.357518710177946,Albizia gummifera,24.594301816751468
687,-0.992033849531824,28.357518710177946,Carapa grandiflora,27.515303139979608
688,-0.992033849531824,28.357518710177946,Xymalos monospora,27.165018320256085
689,-0.992033849531824,28.357518710177946,Syzygium guineense,27.898691746686257
690,-0.992033849531824,28.357518710177946,Macaranga barteri,28.04576079056909
691,-0.992033849531824,28.357518710177946,Leptonychia mildbraedii,34.18225581794984
692,-0.992033849531824,28.357518710177946,Syzygium guineense,26.5561794642209
693,-0.992033849531824,28.357518710177946,Psychotria mahonii,31.128036994823287
694,-0.992033849531824,28.357518710177946,Albizia gummifera,31.64390962229195
695,-0.992033849531824,28.357518710177946,Ilex mitis,34.9221556044644
696,-0.992033849531824,28.357518710177946,Ilex mitis,27.69461823494624
697,-0.992033849531824,28.357518710177946,Sapium ellipticum,34.93708455829179
698,-0.992033849531824,28.357518710177946,Leptonychia mildbraedii,33.32942470420745
699,-0.992033849531824,28.357518710177946,Carapa grandiflora,30.8999221645332
700,-0.992033849531824,28.357518710177946,Xymalos monospora,23.91386124586609
701,-0.992033849531824,28.357518710177946,Sapium ellipticum,28.498097264894422
702,-0.992033849531824,28.357518710177946,Dichaetanthera corymbosa,33.58344692305744
703,-0.992033849531824,28.357518710177946,unknown sppTEAM2,34.528927074083555
704,-0.992033849531824,28.357518710177946,Macaranga barteri,30.89921994967528
705,-0.992033849531824,28.357518710177946,Bridelia micrantha,25.168988440610196
706,-0.992033849531824,28.357518710177946,Sapium ellipticum,29.66743888212451
707,-0.992033849531824,28.357518710177946,Xymalos monospora,31.687616971224248
708,-0.992033849531824,28.357518710177946,Psychotria mahonii,24.472766133976826
709,-0.992033849531824,28.357518710177946,Macaranga barteri,33.49889737894167
710,-0.992033849531824,28.357518710177946,Millettia dura,33.28815137052987
711,-0.992033849531824,28.357518710177946,Sapium ellipticum,34.06120279206946
712,-0.992033849531824,28.357518710177946,Margaritaria discoidea,30.900068189702772
713,-0.992033849531824,28.357518710177946,Newtonia buchananii,27.38761164966633
714,-0.992033849531824,28.357518710177946,Millettia dura,33.45069951451141
715,-0.992033849531824,28.357518710177946,Drypetes sppTEAM3,30.09621211488229
716,-0.992033849531824,28.357518710177946,Alangium chinense,26.267281270126297
717,-0.992033849531824,28.357518710177946,Prunus africana,31.555268169345833
718,-0.992033849531824,28.357518710177946,Lovoa sppTEAM1,33.10516991575547
719,-0.992033849531824,28.357518710177946,Rytigynia ruwenzoriensis,31.25559728412321
720,-0.992033849531824,28.357518710177946,Pauridiantha callicarpoides,27.186555048661464
721,-0.992033849531824,28.357518710177946,Albizia gummifera,32.36673522465505
722,-0.992033849531824,28.357518710177946,Xymalos monospora,29.038733792537183
723,-0.992033849531824,28.357518710177946,Myrianthus holstii,34.292543055221344
724,-0.992033849531824,28.357518710177946,Myrianthus holstii,25.305147409277886
725,-0.992033849531824,28.357518710177946,Syzygium guineense,35.36597047908532
726,-0.992033849531824,28.357518710177946,Leptonychia mildbraedii,33.63207934841018
727,-0.992033849531824,28.357518710177946,Bridelia micrantha,34.597998458794436
728,-0.992033849531824,28.357518710177946,Millettia dura,27.88173666671241
729,-0.992033849531824,28.357518710177946,Leptonychia mildbraedii,34.402838874328346
730,-0.992033849531824,28.357518710177946,Bridelia micrantha,34.16160349219283
731,-0.992033849531824,28.357518710177946,Sapium ellipticum,31.81674464298963
732,-0.992033849531824,28.357518710177946,Syzygium guineense,23.768038239808106
733,-0.992033849531824,28.357518710177946,Psychotria mahonii,35.43462793273287
734,-0.992033849531824,28.357518710177946,Carapa grandiflora,24.752362402406423
735,-0.992033849531824,28.357518710177946,Prunus africana,26.207594309004797
736,-0.992033849531824,28.357518710177946,Alangium chinense,28.93834721238586
737,-0.992033849531824,28.357518710177946,Maesa lanceolata,35.13075810138184
738,-0.992033849531824,28.357518710177946,Macaranga barteri,24.35157136172967
739,-0.992033849531824,28.357518710177946,Macaranga kilimandscharica,33.43259903466952
740,-0.992033849531824,28.357518710177946,Macaranga barteri,34.43889550634985
741,-0.992033849531824,28.357518710177946,Bridelia micrantha,33.73514075326162
742,-0.992033849531824,28.357518710177946,Leptonychia mildbraedii,29.915305456977883
743,-0.992033849531824,28.357518710177946,Ocotea usambarensis,33.85609736147018
744,-0.992033849531824,28.357518710177946,Polyscias fulva,28.79302341447457
745,-0.992033849531824,28.357518710177946,Myrianthus holstii,35.15603296890608
746,-0.992033849531824,28.357518710177946,Macaranga barteri,31.503229732182966
747,-0.992033849531824,28.357518710177946,Millettia ferruginea,30.76012739430937
748,-0.992033849531824,28.357518710177946,Tabernaemontana holstii,29.777928427979276
749,-0.992033849531824,28.357518710177946,Prunus africana,26.137473684816776
750,-0.992033849531824,28.357518710177946,Sapium ellipticum,29.62700446681424
751,-0.992033849531824,28.357518710177946,Sapium ellipticum,34.67422277861941
752,-0.992033849531824,28.357518710177946,Millettia dura,28.04050112332503
753,-0.992033849531824,28.357518710177946,Sapium ellipticum,25.287966189724173
754,-0.992033849531824,28.357518710177946,Tabernaemontana holstii,28.043868859215706
755,-0.992033849531824,28.357518710177946,Psychotria mahonii,34.711063705799674
756,-0.992033849531824,28.357518710177946,Newtonia buchananii,34.860897442873366
757,-0.992033849531824,28.357518710177946,Millettia dura,34.59147778435841
758,-0.992033849531824,28.357518710177946,Sapium ellipticum,27.863620253946195
759,-0.992033849531824,28.357518710177946,Macaranga barteri,30.85358343109855
760,-0.992033849531824,28.357518710177946,Ilex mitis,33.665362934746476
761,-0.992033849531824,28.357518710177946,Strombosia scheffleri,25.95743298223503
762,-0.992033849531824,28.357518710177946,Dichaetanthera corymbosa,27.275996853226857
763,-0.992033849531824,28.357518710177946,Sapium ellipticum,35.25128448943055
764,-0.992033849531824,28.357518710177946,Prunus africana,28.32484322679242
765,-0.992033849531824,28.357518710177946,Cassipourea sppTEAM1,24.650889343748464
766,-0.992033849531824,28.357518710177946,Xymalos monospora,25.226266399740954
767,-0.992033849531824,28.357518710177946,Chrysophyllum albidum,34.43631797822552
768,-0.992033849531824,28.357518710177946,Macaranga barteri,28.24060284853658
769,-0.992033849531824,28.357518710177946,Xymalos monospora,30.35392384978296
770,-0.992033849531824,28.357518710177946,Markhamia lutea,27.35800027757326
771,-0.992033849531824,28.357518710177946,Macaranga barteri,30.868318360685016
772,-0.992033849531824,28.357518710177946,Sapium ellipticum,30.97815585744443
773,-0.992033849531824,28.357518710177946,Syzygium guineense,25.93992138841139
774,-0.992033849531824,28.357518710177946,Rytigynia ruwenzoriensis,34.68692870458962
775,-0.992033849531824,28.357518710177946,Syzygium guineense,26.435387682257545
776,-0.992033849531824,28.357518710177946,Macaranga kilimandscharica,35.475629619574605
777,-0.992033849531824,28.357518710177946,Maesa lanceolata,35.48010590196927
778,-0.992033849531824,28.357518710177946,Newtonia buchananii,27.963621910329238
779,-0.992033849531824,28.357518710177946,Macaranga kilimandscharica,28.588809089754513
780,-0.992033849531824,28.357518710177946,Psychotria mahonii,34.60505476856056
781,-0.992033849531824,28.357518710177946,Ilex mitis,29.395172293001732
782,-0.992033849531824,28.357518710177946,Entandrophragma excelsum,25.07097348376612
783,-0.992033849531824,28.357518710177946,Sericostachys scandens,28.581956035098937
784,-0.992033849531824,28.357518710177946,Leptonychia mildbraedii,32.55628803644651
785,-0.992033849531824,28.357518710177946,unknown sppTEAM9,27.83632113876779
786,-0.992033849531824,28.357518710177946,Chrysophyllum sppTEAM5,26.566510681840203
787,-0.992033849531824,28.357518710177946,Carapa grandiflora,34.15591870138215
788,-0.992033849531824,28.357518710177946,Albizia gummifera,27.00068917152589
789,-0.992033849531824,28.357518710177946,Xymalos monospora,34.3577209656215
790,-0.992033849531824,28.357518710177946,unknown sppTEAM9,35.473762799613525
791,-0.992033849531824,28.357518710177946,unknown sppTEAM2,27.74105063520621
792,-0.992033849531824,28.357518710177946,Prunus africana,31.509430741545927
793,-0.992033849531824,28.357518710177946,Carapa grandiflora,34.441588079263006
794,-0.992033849531824,28.357518710177946,Ilex mitis,31.707910257567146
795,-0.992033849531824,28.357518710177946,Alangium chinense,24.429108112561465
796,-0.992033849531824,28.357518710177946,Bridelia micrantha,26.94282671910745
797,-0.992033849531824,28.357518710177946,Sapium ellipticum,30.226435729132945
798,-0.992033849531824,28.357518710177946,unknown sppTEAM2,28.74855439894985
799,-0.992033849531824,28.357518710177946,Millettia dura,35.50337482758231
800,-0.992033849531824,28.357518710177946,unknown sppTEAM2,25.904847946856478
801,-0.992033849531824,28.357518710177946,Macaranga barteri,33.70225444748737
802,-0.992033849531824,28.357518710177946,Ilex mitis,30.789397938721176
803,-0.992033849531824,28.357518710177946,Sapium ellipticum,32.94205225117631
804,-0.992033849531824,28.357518710177946,Millettia dura,30.768823972681645
805,-0.992033849531824,28.357518710177946,Macaranga kilimandscharica,29.342860424607508
806,-0.992033849531824,28.357518710177946,Strombosia scheffleri,24.556062003406964
807,-0.992033849531824,28.357518710177946,Millettia dura,25.233498151660832
808,-0.992033849531824,28.357518710177946,Carapa grandiflora,24.713565685503312
809,-0.992033849531824,28.357518710177946,Millettia dura,26.13448969474827
810,-0.992033849531824,28.357518710177946,Macaranga barteri,24.97851040886
811,-0.992033849531824,28.357518710177946,Myrianthus holstii,28.53345983034862
812,-0.992033849531824,28.357518710177946,Leptonychia mildbraedii,33.29050974825237
813,-0.992033849531824,28.357518710177946,Ilex mitis,25.103089607407973
814,-0.992033849531824,28.357518710177946,Sapium ellipticum,35.26060612725483
815,-0.992033849531824,28.357518710177946,Myrianthus holstii,29.00134400958886
816,-0.992033849531824,28.357518710177946,Croton macrostachyus,34.22021985833477
817,-0.992033849531824,28.357518710177946,Psychotria mahonii,31.52023431588618
818,-0.992033849531824,28.357518710177946,Xymalos monospora,25.448895029261084
819,-0.992033849531824,28.357518710177946,Macaranga barteri,24.001392298043484
820,-0.992033849531824,28.357518710177946,Bridelia micrantha,32.50493126682075
821,-0.992033849531824,28.357518710177946,Sapium ellipticum,35.46615027242105
822,-0.992033849531824,28.357518710177946,Strombosia scheffleri,33.649433184108965
823,-0.992033849531824,28.357518710177946,Xymalos monospora,25.243534263121244
824,-0.992033849531824,28.357518710177946,Sapium ellipticum,29.662216589905633
825,-0.992033849531824,28.357518710177946,Xymalos monospora,35.43085833235541
826,-0.992033849531824,28.357518710177946,Myrianthus holstii,27.224427777619475
827,-0.992033849531824,28.357518710177946,Dichaetanthera corymbosa,25.929298452405902
828,-0.992033849531824,28.357518710177946,Myrianthus holstii,34.20534511292635
829,-0.992033849531824,28.357518710177946,Macaranga barteri,25.90605094410125
830,-0.992033849531824,28.357518710177946,Funtumia africana,25.48141145670122
831,-0.992033849531824,28.357518710177946,unknown sppTEAM9,31.798824703573267
832,-0.992033849531824,28.357518710177946,Polyscias fulva,29.56714509944922
833,-0.992033849531824,28.357518710177946,Ficus sur,27.02192108416312
834,-0.992033849531824,28.357518710177946,Carapa grandiflora,24.945186076518986
835,-0.992033849531824,28.357518710177946,Polyscias fulva,35.455896885267954
836,-0.992033849531824,28.357518710177946,Cassipourea sppTEAM1,32.843489198712625
837,-0.992033849531824,28.357518710177946,Psychotria mahonii,31.75305138607175
838,-0.992033849531824,28.357518710177946,Macaranga barteri,32.901030965107395
839,-0.992033849531824,28.357518710177946,Allophylus abyssinicus,34.01738852361829
840,-0.992033849531824,28.357518710177946,Alangium chinense,31.996913365060237
841,-0.992033849531824,28.357518710177946,Millettia dura,25.114844558189947
842,-0.992033849531824,28.357518710177946,Maesopsis eminii,27.861788082702294
843,-0.992033849531824,28.357518710177946,Xymalos monospora,32.36902313723297
844,-0.992033849531824,28.357518710177946,Xymalos monospora,25.91677190864782
845,-0.992033849531824,28.357518710177946,Psychotria mahonii,28.483504649191357
846,-0.992033849531824,28.357518710177946,Alangium chinense,29.739333637195244
847,-0.992033849531824,28.357518710177946,Macaranga kilimandscharica,24.661955460200105
848,-0.992033849531824,28.357518710177946,Psychotria mahonii,25.44264428931799
849,-0.992033849531824,28.357518710177946,Psychotria mahonii,28.373597597393605
850,-0.992033849531824,28.357518710177946,Polyscias fulva,28.989061517856577
851,-0.992033849531824,28.357518710177946,Dichaetanthera corymbosa,31.234874995215737
852,-0.992033849531824,28.357518710177946,Psychotria mahonii,32.113318325668835
853,-0.992033849531824,28.357518710177946,Sapium ellipticum,33.78675807598216
854,-0.992033849531824,28.357518710177946,Polyscias fulva,32.30881001237583
855,-0.992033849531824,28.357518710177946,Sapium ellipticum,27.252937628145535
856,-0.992033849531824,28.357518710177946,Millettia ferruginea,25.023728569652633
857,-0.992033849531824,28.357518710177946,Alangium chinense,29.23287834583334
858,-0.992033849531824,28.357518710177946,Myrianthus holstii,23.789586609429016
859,-0.992033849531824,28.357518710177946,Alangium chinense,26.84020049133278
860,-0.992033849531824,28.357518710177946,Carapa grandiflora,29.27079433524792
861,-0.992033849531824,28.357518710177946,Millettia dura,27.930062585679025
862,-0.992033849531824,28.357518710177946,Sapium ellipticum,27.871709520508045
863,-0.992033849531824,28.357518710177946,Alangium chinense,32.30244088351723
864,-0.992033849531824,28.357518710177946,Neoboutonia macrocalyx,27.232496089375676
865,-0.992033849531824,28.357518710177946,Macaranga barteri,25.083282596067054
866,-0.992033849531824,28.357518710177946,Prunus africana,28.87534273197853
867,-0.992033849531824,28.357518710177946,Macaranga barteri,26.30391808315106
868,-0.992033849531824,28.357518710177946,Prunus africana,33.866799787675674
869,-0.992033849531824,28.357518710177946,Carapa grandiflora,27.796022009410557
870,-0.992033849531824,28.357518710177946,Dichaetanthera corymbosa,25.714725206442257
871,-0.992033849531824,28.357518710177946,Carapa grandiflora,29.587746715249594
872,-0.992033849531824,28.357518710177946,Parinari excelsa,26.1155629101102
873,-0.992033849531824,28.357518710177946,Millettia dura,34.41806002217197
874,-0.992033849531824,28.357518710177946,Cassipourea gummifera,27.088270735569328
875,-0.992033849531824,28.357518710177946,Syzygium guineense,25.549140017267124
876,-0.992033849531824,28.357518710177946,Cassipourea sppTEAM1,27.132536836494168
877,-0.992033849531824,28.357518710177946,Millettia ferruginea,35.47035442536043
878,-0.992033849531824,28.357518710177946,Tabernaemontana holstii,26.749278259838324
879,-0.992033849531824,28.357518710177946,Albizia sppTEAM1,29.43753239651063
880,-0.992033849531824,28.357518710177946,Alangium chinense,29.12346768243389
881,-0.992033849531824,28.357518710177946,Myrianthus holstii,29.40930661232438
882,-0.992033849531824,28.357518710177946,unknown sppTEAM2,24.369381273086635
883,-0.992033849531824,28.357518710177946,Leptonychia mildbraedii,31.49227965706721
884,-0.992033849531824,28.357518710177946,Pauridiantha callicarpoides,26.662992350668496
885,-0.992033849531824,28.357518710177946,Leptonychia mildbraedii,31.57450893854278
886,-0.992033849531824,28.357518710177946,Xymalos monospora,27.065414564855477
887,-0.992033849531824,28.357518710177946,Psychotria mahonii,31.493565480114448
888,-0.992033849531824,28.357518710177946,Myrianthus holstii,27.218877679375563
889,-0.992033849531824,28.357518710177946,Ilex mitis,31.822210177744534
890,-0.992033849531824,28.357518710177946,Prunus africana,32.80844071791251
891,-0.992033849531824,28.357518710177946,Ilex mitis,25.37998542899352
892,-0.992033849531824,28.357518710177946,Bersama abyssinica,31.59558912182423
893,-0.992033849531824,28.357518710177946,Macaranga barteri,31.977328972632908
894,-0.992033849531824,28.357518710177946,Harungana madagascariensis,32.375653543944814
895,-0.992033849531824,28.357518710177946,Ficus sur,25.115411825529215
896,-0.992033849531824,28.357518710177946,Psychotria mahonii,27.3249623664939
897,-0.992033849531824,28.357518710177946,Sapium ellipticum,24.922989910464324
898,-0.992033849531824,28.357518710177946,Psychotria mahonii,25.648260347652464
899,-0.992033849531824,28.357518710177946,Xymalos monospora,34.78885222154129
900,-0.992033849531824,28.357518710177946,Sapium ellipticum,30.36669703509586
901,-0.992033849531824,28.357518710177946,Leptonychia mildbraedii,25.792930136794443
902,-0.992033849531824,28.357518710177946,Bridelia micrantha,27.51126398834151
903,-0.992033849531824,28.357518710177946,Macaranga barteri,28.376621870202175
904,-0.992033849531824,28.357518710177946,unknown sppTEAM9,24.880044641658987
905,-0.992033849531824,28.357518710177946,Macaranga kilimandscharica,25.739106250643392
906,-0.992033849531824,28.357518710177946,Sapium ellipticum,30.4521750287405
907,-0.992033849531824,28.357518710177946,Sapium ellipticum,25.508826649102026
908,-0.992033849531824,28.357518710177946,Millettia dura,27.130381749789997
909,-0.992033849531824,28.357518710177946,Drypetes ugandensis,35.237309947945946
910,-0.992033849531824,28.357518710177946,Leptonychia mildbraedii,27.215683793184603
911,-0.992033849531824,28.357518710177946,Ilex mitis,27.13657094820045
912,-0.992033849531824,28.357518710177946,Macaranga kilimandscharica,31.159158866786196
913,-0.992033849531824,28.357518710177946,Syzygium guineense,30.380748041366328
914,-0.992033849531824,28.357518710177946,Syzygium guineense,28.31884306373954
915,-0.992033849531824,28.357518710177946,Carapa grandiflora,31.35230135218929
916,-0.992033849531824,28.357518710177946,Ilex mitis,29.112442942545062
917,-0.992033849531824,28.357518710177946,Sapium ellipticum,28.16567392664151
918,-0.992033849531824,28.357518710177946,Xymalos monospora,34.92872387052213
919,-0.992033849531824,28.357518710177946,Sapium ellipticum,28.89063306333606
920,-0.992033849531824,28.357518710177946,Macaranga barteri,24.304199982456772
921,-0.992033849531824,28.357518710177946,Leptonychia mildbraedii,32.44392573389475
922,-0.992033849531824,28.357518710177946,Carapa grandiflora,29.454830519005274
923,-0.992033849531824,28.357518710177946,Maesa lanceolata,33.00607610149056
924,-0.992033849531824,28.357518710177946,Leptonychia mildbraedii,25.521839510209713
925,-0.992033849531824,28.357518710177946,Bridelia micrantha,33.182494320169205
926,-0.992033849531824,28.357518710177946,Macaranga barteri,34.02145685531308
927,-0.992033849531824,28.357518710177946,Syzygium guineense,27.88538001868391
928,-0.992033849531824,28.357518710177946,Parinari excelsa,26.1920989140091
929,-0.992033849531824,28.357518710177946,Bridelia micrantha,30.811520025356828
930,-0.992033849531824,28.357518710177946,Drypetes sppTEAM3,25.461908753455464
931,-0.992033849531824,28.357518710177946,unknown sppTEAM9,30.244178306363548
932,-0.992033849531824,28.357518710177946,unknown sppTEAM9,24.94124172611617
933,-0.992033849531824,28.357518710177946,Alangium chinense,30.025895991993394
934,-0.992033849531824,28.357518710177946,Millettia dura,32.92335737477977
935,-0.992033849531824,28.357518710177946,Leptonychia mildbraedii,24.60062225172513
936,-0.992033849531824,28.357518710177946,Bridelia micrantha,28.013086408333315
937,-0.992033849531824,28.357518710177946,Carapa grandiflora,25.067327048445502
938,-0.992033849531824,28.357518710177946,Psychotria mahonii,27.956134755939313
939,-0.992033849531824,28.357518710177946,Bridelia micrantha,27.31955677340738
940,-0.992033849531824,28.357518710177946,Millettia dura,25.272833882433037
941,-0.992033849531824,28.357518710177946,Maesa lanceolata,29.94179447015922
942,-0.992033849531824,28.357518710177946,Xymalos monospora,34.34057972822957
943,-0.992033849531824,28.357518710177946,Polyscias fulva,26.35663030984947
944,-0.992033849531824,28.357518710177946,Psychotria mahonii,33.169364877410075
945,-0.992033849531824,28.357518710177946,Myrianthus holstii,25.281269333157464
946,-0.992033849531824,28.357518710177946,Xymalos monospora,28.373083694044322
947,-0.992033849531824,28.357518710177946,Chrysophyllum sppTEAM5,30.688019296912078
948,-0.992033849531824,28.357518710177946,Tabernaemontana sppTEAM1,29.30484942578447
949,-0.992033849531824,28.357518710177946,Millettia dura,25.57373126207359
950,-0.992033849531824,28.357518710177946,Tabernaemontana holstii,24.428451024903413
951,-0.992033849531824,28.357518710177946,Sapium ellipticum,33.675085481326654
952,-0.992033849531824,28.357518710177946,Allophylus abyssinicus,25.383008584618437
953,-0.992033849531824,28.357518710177946,Macaranga kilimandscharica,24.206114550875196
954,-0.992033849531824,28.357518710177946,Bridelia micrantha,32.81108858595086
955,-0.992033849531824,28.357518710177946,Xymalos monospora,27.780135131952143
956,-0.992033849531824,28.357518710177946,Cyathea manniana,24.508657356947563
957,-0.992033849531824,28.357518710177946,Myrianthus holstii,32.668388866651085
958,-0.992033849531824,28.357518710177946,Prunus africana,24.029509638995304
959,-0.992033849531824,28.357518710177946,Newtonia buchananii,33.913229888053046
960,-0.992033849531824,28.357518710177946,Cassipourea gummifera,33.40789496236774
961,-0.992033849531824,28.357518710177946,Albizia gummifera,24.60218521103044
962,-0.992033849531824,28.357518710177946,Xymalos holstii,32.124661242338206
963,-0.992033849531824,28.357518710177946,Sapium ellipticum,33.495091473592296
964,-0.992033849531824,28.357518710177946,Polyscias fulva,33.07265518793406
965,-0.992033849531824,28.357518710177946,Albizia gummifera,27.296654448833756
966,-0.992033849531824,28.357518710177946,Millettia dura,29.714627890629654
967,-0.992033849531824,28.357518710177946,Ocotea usambarensis,26.3489392397776
968,-0.992033849531824,28.357518710177946,unknown sppTEAM2,34.02085287524421
969,-0.992033849531824,28.357518710177946,Leptonychia mildbraedii,34.37218432611467
970,-0.992033849531824,28.357518710177946,Ocotea usambarensis,27.759677334284664
971,-0.992033849531824,28.357518710177946,Macaranga barteri,31.63537343275538
972,-0.992033849531824,28.357518710177946,Psychotria mahonii,25.81702925375366
973,-0.992033849531824,28.357518710177946,Xymalos monospora,24.039647316867804
974,-0.992033849531824,28.357518710177946,Macaranga barteri,27.673534465471214
975,-0.992033849531824,28.357518710177946,Psychotria mahonii,29.118761012153755
976,-0.992033849531824,28.357518710177946,Leptonychia mildbraedii,27.514982673411794
977,-0.992033849531824,28.357518710177946,unknown sppTEAM9,25.691674156749883
978,-0.992033849531824,28.357518710177946,Polyscias fulva,28.50848876879598
979,-0.992033849531824,28.357518710177946,Xymalos monospora,24.444185957602937
980,-0.992033849531824,28.357518710177946,Xymalos monospora,25.001183256236654
981,-0.992033849531824,28.357518710177946,Xymalos monospora,35.64544429146484
982,-0.992033849531824,28.357518710177946,Millettia dura,24.585834974211377
983,-0.992033849531824,28.357518710177946,Alangium chinense,25.943594859913027
984,-0.992033849531824,28.357518710177946,Millettia dura,34.28908050970841
985,-0.992033849531824,28.357518710177946,Ilex mitis,26.068680681063423
986,-0.992033849531824,28.357518710177946,Myrianthus holstii,31.848790791214636
987,-0.992033849531824,28.357518710177946,Albizia gummifera,27.330171310267996
988,-0.992033849531824,28.357518710177946,Macaranga barteri,28.176099124853614
989,-0.992033849531824,28.357518710177946,Alangium chinense,26.733316181071228
990,-0.992033849531824,28.357518710177946,Macaranga barteri,27.45600324219686
991,-0.992033849531824,28.357518710177946,Millettia dura,32.19338463355582
992,-0.992033849531824,28.357518710177946,Ilex mitis,29.85467671928775
993,-0.992033849531824,28.357518710177946,Polyscias fulva,32.99922740517485
994,-0.992033849531824,28.357518710177946,Millettia ferruginea,25.464936011160567
995,-0.992033849531824,28.357518710177946,Bridelia micrantha,28.3128542919488
996,-0.992033849531824,28.357518710177946,Macaranga barteri,29.735374161249695
997,-0.992033849531824,28.357518710177946,Macaranga barteri,24.588861965251454
998,-0.992033849531824,28.357518710177946,Psychotria mahonii,30.19789428301976
999,-0.992033849531824,28.357518710177946,Albizia gummifera,28.370015452863992
