"","LatRound","Type","mean","lowCI","highCI"
"1",-56,"SD",26.722980761528,2.26574442601574,51.1802170970403
"2",-55.9,"SD",37.610364670441,9.97411992390515,65.2466094169769
"3",-55.8,"SD",42.5327046897862,15.2222835381374,69.8431258414349
"4",-55.7,"SD",41.6288732220128,15.5894142817075,67.6683321623181
"5",-55.6,"SD",38.4868780112149,8.99772453600535,67.9760314864244
"6",-55.5,"SD",28.5249778868226,0.953094052062614,56.0968617215825
"7",-55.4,"SD",33.6313463598025,3.02404378540559,64.2386489341995
"8",-55.3,"SD",36.0545238896726,5.44947285898827,66.6595749203568
"9",-55.2,"SD",42.780471247434,8.89702392614916,76.6639185687189
"10",-55.1,"SD",38.0128787218159,5.53997920516387,70.485778238468
"11",-55,"SD",50.335706640946,5.69645674883704,94.974956533055
"12",-54.9,"SD",57.1941782950592,10.7640256275127,103.624330962606
"13",-54.8,"SD",57.3406871114859,8.18850870464929,106.492865518322
"14",-54.7,"SD",52.9417860529585,5.27638713299043,100.607184972927
"15",-54.6,"SD",57.9024599250714,9.47324362437078,106.331676225772
"16",-54.5,"SD",57.7688746524718,9.28607103651724,106.251678268426
"17",-54.4,"SD",52.8942493346934,10.4993918750368,95.2891067943501
"18",-54.3,"SD",57.1013716426747,14.1059179776706,100.096825307679
"19",-54.2,"SD",58.5337222188994,15.5522493302711,101.515195107528
"20",-54.1,"SD",53.2767542780765,11.3113534812682,95.2421550748848
"21",-54,"SD",51.808314496177,9.05961744096194,94.5570115513921
"22",-53.9,"SD",43.8105056517013,-1.00443408523244,88.6254453886351
"23",-53.8,"SD",50.9809443388233,-1.4891573241128,103.451046001759
"24",-53.7,"SD",49.6906761868948,-1.16089485142404,100.542247225214
"25",-53.6,"SD",45.0225306157727,-4.07030978479557,94.115371016341
"26",-53.5,"SD",43.8777131143977,-4.61918476877447,92.37461099757
"27",-53.4,"SD",40.452798151953,-6.03890070014353,86.9444970040496
"28",-53.3,"SD",43.2091015878339,-4.43775120685712,90.8559543825249
"29",-53.2,"SD",35.9382291023465,-5.53657201106758,77.4130302157606
"30",-53.1,"SD",28.3673169588407,-7.434060845421,64.1686947631024
"31",-53,"SD",25.7388104873088,-9.87961042904371,61.3572314036614
"32",-52.9,"SD",37.3208864179254,-11.8723255417298,86.5140983775806
"33",-52.8,"SD",39.0367907491937,-10.8453410089236,88.918922507311
"34",-52.7,"SD",36.1048622751262,-10.0617852991597,82.271509849412
"35",-52.6,"SD",35.5543175173076,-6.30483411491514,77.4134691495303
"36",-52.5,"SD",44.5051953696852,-3.35886061320904,92.3692513525795
"37",-52.4,"SD",49.302335569979,0.582756155640475,98.0219149843176
"38",-52.3,"SD",45.4725232847792,0.724252862858037,90.2207937067004
"39",-52.2,"SD",41.8863240956698,-3.63530874880554,87.4079569401451
"40",-52.1,"SD",40.8810251171989,-5.95293880276223,87.7149890371601
"41",-52,"SD",34.6082379419004,-6.67929190046785,75.8957677842687
"42",-51.9,"SD",26.6314534436048,-4.57400487718392,57.8369117643936
"43",-51.8,"SD",28.6892023994473,-5.6568164301387,63.0352212290334
"44",-51.7,"SD",27.5152783828145,-8.62011278050349,63.6506695461325
"45",-51.6,"SD",24.6956488238901,-7.68195285465328,57.0732505024335
"46",-51.5,"SD",24.6366562967183,-13.6747500106522,62.9480626040887
"47",-51.4,"SD",24.8307138885032,-11.1143925772079,60.7758203542144
"48",-51.3,"SD",33.1619359602165,-4.27393857768533,70.5978104981183
"49",-51.2,"SD",35.6944188432053,1.7520895916361,69.6367480947745
"50",-51.1,"SD",34.7908418429602,1.02419251760418,68.5574911683162
"51",-51,"SD",39.1846237442057,2.16036531362663,76.2088821747848
"52",-50.9,"SD",42.0688928507964,2.41681117030394,81.7209745312888
"53",-50.8,"SD",42.3511047548407,4.5694989946947,80.1327105149866
"54",-50.7,"SD",44.0774692179126,4.99454677552668,83.1603916602986
"55",-50.6,"SD",42.0760555002757,3.08814264304279,81.0639683575085
"56",-50.5,"SD",45.5885502651124,5.28710422330316,85.8899963069216
"57",-50.4,"SD",51.0236389950871,10.7004676631523,91.3468103270219
"58",-50.3,"SD",52.6759778152176,11.8113179227758,93.5406377076593
"59",-50.2,"SD",50.7602879320817,13.03675491615,88.4838209480135
"60",-50.1,"SD",47.687331446065,8.1448366504341,87.2298262416958
"61",-50,"SD",47.0233618274011,7.53945851149702,86.5072651433053
"62",-49.9,"SD",45.8016495875907,10.2411216795675,81.3621774956139
"63",-49.8,"SD",48.9790364945124,10.2703964783725,87.6876765106523
"64",-49.7,"SD",47.1782563247898,7.90820837608366,86.448304273496
"65",-49.6,"SD",45.9215109289701,10.335007589286,81.5080142686543
"66",-49.5,"SD",40.4022911506237,7.37996103603889,73.4246212652085
"67",-49.4,"SD",44.6478462408252,8.62052881596043,80.6751636656899
"68",-49.3,"SD",44.6275341162709,6.19746612799695,83.0576021045449
"69",-49.2,"SD",47.7768961297474,8.33280700645927,87.2209852530356
"70",-49.1,"SD",47.5664514124577,8.61319437692707,86.5197084479883
"71",-49,"SD",47.4124627205681,7.80188874523985,87.0230366958963
"72",-48.9,"SD",49.9742395668935,10.6587937092422,89.2896854245448
"73",-48.8,"SD",53.7648248507007,12.7337456210151,94.7959040803862
"74",-48.7,"SD",45.9752517245968,7.67339981445721,84.2771036347363
"75",-48.6,"SD",52.0363029267843,11.5882509391225,92.4843549144461
"76",-48.5,"SD",51.9182051642571,11.2583588118584,92.5780515166558
"77",-48.4,"SD",50.1649003519906,9.20459089288706,91.1252098110942
"78",-48.3,"SD",58.0311124561663,18.5021598669915,97.5600650453411
"79",-48.2,"SD",61.2678647097042,20.7704614699819,101.765267949427
"80",-48.1,"SD",57.086082682693,15.8311670264461,98.3409983389399
"81",-48,"SD",61.3650279711569,16.7437913825173,105.986264559797
"82",-47.9,"SD",58.3603383022526,12.0833975653838,104.637279039122
"83",-47.8,"SD",57.6575942853041,7.37322252959463,107.941966041014
"84",-47.7,"SD",71.1603501252497,18.3378394667446,123.982860783755
"85",-47.6,"SD",68.0146352046588,18.2880349580512,117.741235451266
"86",-47.5,"SD",63.2646142464703,15.8741940137893,110.655034479151
"87",-47.4,"SD",60.1007699750196,14.9713042318333,105.230235718206
"88",-47.3,"SD",52.6367450527042,10.5120931836015,94.7613969218069
"89",-47.2,"SD",48.9639692327839,8.76645090167933,89.1614875638884
"90",-47.1,"SD",58.8631873770696,14.0390269916819,103.687347762457
"91",-47,"SD",68.9687154351157,21.9660652966813,115.97136557355
"92",-46.9,"SD",63.6486805145832,17.5457404839111,109.751620545255
"93",-46.8,"SD",57.3428776249373,12.7910872374427,101.894668012432
"94",-46.7,"SD",56.8863067787494,14.1779065725708,99.594706984928
"95",-46.6,"SD",56.047710879871,12.1008698375009,99.9945519222411
"96",-46.5,"SD",55.301152650724,10.3972736301773,100.205031671271
"97",-46.4,"SD",60.3114890445905,8.81869450964795,111.804283579533
"98",-46.3,"SD",54.8231571967024,1.07801460590293,108.568299787502
"99",-46.2,"SD",56.3181875611551,4.95093478850052,107.68544033381
"100",-46.1,"SD",57.1039291716488,5.75779160069546,108.450066742602
"101",-46,"SD",53.6752255593444,2.20571793636707,105.144733182322
"102",-45.9,"SD",56.9931281274145,4.60584758844353,109.380408666385
"103",-45.8,"SD",53.754107955936,1.15707023082292,106.351145681049
"104",-45.7,"SD",56.437213996038,-0.314202548208442,113.188630540285
"105",-45.6,"SD",58.0467848398387,-2.78732578379661,118.880895463474
"106",-45.5,"SD",62.0777354662386,-1.64370986881501,125.799180801292
"107",-45.4,"SD",49.6988223923373,-6.71186224631384,106.109507030988
"108",-45.3,"SD",58.3931508896678,0.449339750405827,116.33696202893
"109",-45.2,"SD",56.9838088673373,-1.55794304683015,115.525560781505
"110",-45.1,"SD",55.3124017570784,-1.09378877038592,111.718592284543
"111",-45,"SD",56.1723656448889,-3.00547883794604,115.350210127724
"112",-44.9,"SD",54.2530920482737,-2.36381277405396,110.869996870601
"113",-44.8,"SD",51.039362670496,-3.70468345179034,105.783408792782
"114",-44.7,"SD",56.0012930044598,-1.0708778106,113.07346381952
"115",-44.6,"SD",52.7393264094892,-3.31291872130416,108.791571540283
"116",-44.5,"SD",53.2215873652782,-1.4598665472794,107.903041277836
"117",-44.4,"SD",49.6761927874293,-3.36338604024828,102.715771615107
"118",-44.3,"SD",56.4099975051495,0.00333482666049889,112.816660183638
"119",-44.2,"SD",63.9017563908405,4.06103786934614,123.742474912335
"120",-44.1,"SD",63.6347435271451,5.17811216775514,122.091374886535
"121",-44,"SD",58.1809707799595,2.16414921784705,114.197792342072
"122",-43.9,"SD",50.0425246179969,-2.68546323820828,102.770512474202
"123",-43.8,"SD",43.8494164358291,-5.8762773033977,93.5751101750559
"124",-43.7,"SD",46.7541231417829,-4.93927024000107,98.4475165235668
"125",-43.6,"SD",53.1601009695331,-2.53415421371575,108.854356152782
"126",-43.5,"SD",64.8846493402072,1.863043702834,127.90625497758
"127",-43.4,"SD",73.9588832201831,10.0277540278094,137.890012412557
"128",-43.3,"SD",70.4668672116984,6.54725325324494,134.386481170152
"129",-43.2,"SD",79.7954790961548,18.1546009085525,141.436357283757
"130",-43.1,"SD",80.2398404305249,19.0497271543748,141.429953706675
"131",-43,"SD",81.0494278962299,20.7618919129477,141.336963879512
"132",-42.9,"SD",82.8437974934725,16.9489846353736,148.738610351571
"133",-42.8,"SD",84.4033606624817,20.6422155865014,148.164505738462
"134",-42.7,"SD",83.7659573812294,20.225570118491,147.306344643968
"135",-42.6,"SD",84.9683156021565,24.0749241056032,145.86170709871
"136",-42.5,"SD",86.431607090562,27.9019251973427,144.961288983781
"137",-42.4,"SD",77.0747326578562,13.6104895826665,140.538975733046
"138",-42.3,"SD",78.3421822470699,17.5837783015943,139.100586192546
"139",-42.2,"SD",80.7415489478444,21.2453449663059,140.237752929383
"140",-42.1,"SD",81.3599053183829,20.3785885140866,142.341222122679
"141",-42,"SD",85.3801557129197,26.5828419117265,144.177469514113
"142",-41.9,"SD",87.4229756389359,29.2478884532489,145.598062824623
"143",-41.8,"SD",80.4589199363566,21.1404837197831,139.77735615293
"144",-41.7,"SD",91.6847611864791,29.4686972447681,153.90082512819
"145",-41.6,"SD",92.3332182222132,27.1026012510505,157.563835193376
"146",-41.5,"SD",92.4862945434218,33.6441046940591,151.328484392785
"147",-41.4,"SD",101.116567222023,41.1553642446477,161.077770199397
"148",-41.3,"SD",94.4825735715409,31.6469612469742,157.318185896108
"149",-41.2,"SD",88.3429266583443,22.0642785166511,154.621574800038
"150",-41.1,"SD",85.4260072096628,25.8914001561914,144.960614263134
"151",-41,"SD",77.529226139983,24.4795129657054,130.578939314261
"152",-40.9,"SD",68.2335840727654,19.0255865137976,117.441581631733
"153",-40.8,"SD",63.6710504031891,14.1869196193337,113.155181187045
"154",-40.7,"SD",59.6387111263686,11.5599621077241,107.717460145013
"155",-40.6,"SD",52.5674420700032,6.71095419850453,98.4239299415019
"156",-40.5,"SD",53.71743661359,6.19231707918193,101.242556147998
"157",-40.4,"SD",55.8947196168293,5.58428560516473,106.205153628494
"158",-40.3,"SD",47.3225987104162,-0.594472885396918,95.2396703062294
"159",-40.2,"SD",51.0398559965202,0.619535480998572,101.460176512042
"160",-40.1,"SD",53.4448895765409,1.0719466836692,105.817832469413
"161",-40,"SD",55.5852444935094,0.0631058468145227,111.107383140204
"162",-39.9,"SD",52.2095405782038,-0.111052945968567,104.530134102376
"163",-39.8,"SD",52.189166533906,1.555393401895,102.822939665917
"164",-39.7,"SD",50.1861665480571,1.58162998313502,98.7907031129791
"165",-39.6,"SD",48.1533926413699,0.609811408214703,95.696973874525
"166",-39.5,"SD",47.9460557697524,-0.396879755564456,96.2889912950692
"167",-39.4,"SD",52.5019688570998,3.51424894111568,101.489688773084
"168",-39.3,"SD",52.5319936837355,5.88227752128532,99.1817098461856
"169",-39.2,"SD",57.4952363559722,9.54243405388102,105.448038658063
"170",-39.1,"SD",54.2506615628955,9.51593295822106,98.9853901675699
"171",-39,"SD",53.0434578442604,5.13773636539352,100.949179323127
"172",-38.9,"SD",46.5061574632208,0.570383865699384,92.4419310607423
"173",-38.8,"SD",44.5965012393597,-2.7688336178969,91.9618360966163
"174",-38.7,"SD",43.4631817366938,-5.30912036637961,92.2354838397672
"175",-38.6,"SD",46.5239355023651,-5.81761857287567,98.8654895776059
"176",-38.5,"SD",44.2014932439623,-8.15984501582125,96.5628315037458
"177",-38.4,"SD",42.0546298013156,-5.74954207379221,89.8588016764234
"178",-38.3,"SD",38.9344581698484,-6.86365003247997,84.7325663721768
"179",-38.2,"SD",37.2957792732273,-9.23922668675161,83.8307852332063
"180",-38.1,"SD",36.4260349928088,-10.6631979527946,83.5152679384121
"181",-38,"SD",40.8079306951668,-11.5943779870274,93.210239377361
"182",-37.9,"SD",43.6050400586187,-11.9014518170526,99.1115319342901
"183",-37.8,"SD",48.8989729877676,-11.305662802504,109.103608778039
"184",-37.7,"SD",58.940622184057,-9.42234716579083,127.303591533905
"185",-37.6,"SD",64.8971643432034,-9.48527117574488,139.279599862152
"186",-37.5,"SD",67.1792428754888,-9.37035051638107,143.728836267359
"187",-37.4,"SD",67.7257651086231,-7.65155410354292,143.103084320789
"188",-37.3,"SD",63.8419084550995,-7.58495627344496,135.268773183644
"189",-37.2,"SD",59.3851378276838,-9.93640443486431,128.706680090232
"190",-37.1,"SD",51.718200061828,-12.8510630793503,116.287463203006
"191",-37,"SD",44.0088004996223,-14.7073665004376,102.724967499682
"192",-36.9,"SD",42.6272557389881,-13.5695669363366,98.8240784143128
"193",-36.8,"SD",42.6011445074798,-12.1733864329048,97.3756754478644
"194",-36.7,"SD",39.8490676480753,-14.9928973479495,94.6910326441001
"195",-36.6,"SD",35.8368619827423,-16.5084437456833,88.1821677111679
"196",-36.5,"SD",31.2725237921879,-18.4745721938458,81.0196197782215
"197",-36.4,"SD",29.0181314559864,-20.7888708507949,78.8251337627676
"198",-36.3,"SD",29.5661234419413,-18.9247767332515,78.0570236171341
"199",-36.2,"SD",26.2784615913484,-18.651523955941,71.2084471386378
"200",-36.1,"SD",27.8429674040074,-19.1706814659544,74.8566162739693
"201",-36,"SD",27.7607322580462,-16.7985296219723,72.3199941380646
"202",-35.9,"SD",32.2566676771162,-15.6011052256795,80.114440579912
"203",-35.8,"SD",32.9765678746911,-14.5839389383629,80.537074687745
"204",-35.7,"SD",33.5886293098664,-16.918051215918,84.0953098356509
"205",-35.6,"SD",34.6527089815411,-18.7695034191787,88.0749213822608
"206",-35.5,"SD",31.336857034669,-19.4773599670318,82.1510740363698
"207",-35.4,"SD",32.1380892091246,-19.5633066386386,83.8394850568877
"208",-35.3,"SD",29.4583273539213,-16.6877082590917,75.6043629669343
"209",-35.2,"SD",28.6909814438963,-16.2512519672794,73.633214855072
"210",-35.1,"SD",24.9463327678168,-16.0069114000718,65.8995769357054
"211",-35,"SD",26.0103323526824,-14.5636600363869,66.5843247417518
"212",-34.9,"SD",27.0179323346722,-13.953382913377,67.9892475827214
"213",-34.8,"SD",29.8041849941968,-16.7217232225669,76.3300932109605
"214",-34.7,"SD",28.9472040022184,-17.0098708059174,74.9042788103542
"215",-34.6,"SD",24.7674373762441,-15.491703300132,65.0265780526201
"216",-34.5,"SD",25.6660661890472,-14.6808078347707,66.0129402128651
"217",-34.4,"SD",25.8452017539131,-14.1442335683488,65.834637076175
"218",-34.3,"SD",23.8552183246681,-15.294019048161,63.0044556974973
"219",-34.2,"SD",24.4664623754261,-16.9059634227096,65.8388881735619
"220",-34.1,"SD",28.3326707828284,-16.6334636759572,73.2988052416139
"221",-34,"SD",29.4351125652943,-12.6359302356029,71.5061553661915
"222",-33.9,"SD",28.8086086991088,-14.0904595034203,71.7076769016379
"223",-33.8,"SD",25.9318829506409,-13.735257210808,65.5990231120899
"224",-33.7,"SD",23.2129825750981,-11.7414295051654,58.1673946553616
"225",-33.6,"SD",20.3510611146519,-9.34485231101596,50.0469745403198
"226",-33.5,"SD",20.7507220391782,-10.4641633120411,51.9656073903974
"227",-33.4,"SD",23.1272524114885,-12.6845504567582,58.9390552797352
"228",-33.3,"SD",23.7875943722257,-10.8993621330193,58.4745508774706
"229",-33.2,"SD",23.9188940514079,-10.6833371026779,58.5211252054937
"230",-33.1,"SD",24.2844915978422,-11.1540730373593,59.7230562330436
"231",-33,"SD",23.5490237908638,-10.9141058499096,58.0121534316372
"232",-32.9,"SD",20.7171689834805,-10.108781185339,51.5431191523001
"233",-32.8,"SD",22.6336442158441,-9.30496217528077,54.5722506069689
"234",-32.7,"SD",24.2695886533951,-7.89511643400693,56.4342937407972
"235",-32.6,"SD",24.2709849927938,-8.48987430375847,57.0318442893461
"236",-32.5,"SD",22.070229398176,-7.89266500522205,52.033123801574
"237",-32.4,"SD",20.5671387571011,-8.29115338291255,49.4254308971147
"238",-32.3,"SD",21.9583935572497,-7.66893098778134,51.5857181022808
"239",-32.2,"SD",23.3624339239694,-7.9810124254483,54.705880273387
"240",-32.1,"SD",22.0957904565226,-8.85065328935768,53.0422342024029
"241",-32,"SD",19.9301898198558,-9.29099946451885,49.1513791042305
"242",-31.9,"SD",20.6218843956803,-8.58506610728262,49.8288348986431
"243",-31.8,"SD",20.1392720395633,-6.97483947215705,47.2533835512837
"244",-31.7,"SD",20.7388473417959,-7.71452733858388,49.1922220221757
"245",-31.6,"SD",20.2844149168963,-8.89225916357648,49.461088997369
"246",-31.5,"SD",20.3168954503834,-9.98066354083645,50.6144544416032
"247",-31.4,"SD",20.4681559857906,-9.69541509501367,50.6317270665949
"248",-31.3,"SD",19.6278172004654,-9.0484719400315,48.3041063409622
"249",-31.2,"SD",19.3840679587444,-8.75821769397747,47.5263536114663
"250",-31.1,"SD",17.6770877416808,-7.58051917670914,42.9346946600708
"251",-31,"SD",16.4727938173279,-6.52390568618589,39.4694933208417
"252",-30.9,"SD",16.6965557154433,-6.64772584765121,40.0408372785378
"253",-30.8,"SD",17.505476041664,-6.29379461234662,41.3047466956746
"254",-30.7,"SD",18.7093768395818,-7.75792374852707,45.1766774276906
"255",-30.6,"SD",19.521939650302,-8.47813281067938,47.5220121112834
"256",-30.5,"SD",18.0916133688188,-8.6979180261239,44.8811447637615
"257",-30.4,"SD",16.6074148449255,-7.58106549418354,40.7958951840344
"258",-30.3,"SD",15.5061806872612,-7.16529546714803,38.1776568416704
"259",-30.2,"SD",15.6691162383595,-9.13392462597942,40.4721571026983
"260",-30.1,"SD",16.3114174372231,-10.0276590229019,42.6504938973481
"261",-30,"SD",16.5860510134464,-9.06976054657101,42.2418625734638
"262",-29.9,"SD",17.1732238326605,-8.79606958845195,43.1425172537729
"263",-29.8,"SD",16.4989910514517,-7.6462947826201,40.6442768855235
"264",-29.7,"SD",16.7176399749969,-7.01393840414138,40.4492183541353
"265",-29.6,"SD",19.7032343265918,-5.73303649362024,45.1395051468038
"266",-29.5,"SD",20.9995442090266,-4.71943067486434,46.7185190929176
"267",-29.4,"SD",21.6353666624373,-4.87748864117653,48.1482219660511
"268",-29.3,"SD",21.9403759214599,-5.91157031025699,49.7923221531768
"269",-29.2,"SD",20.71678835661,-6.34861133784301,47.782188051063
"270",-29.1,"SD",19.4196775051413,-6.07511809402962,44.9144731043123
"271",-29,"SD",19.1690655663859,-5.13879573655223,43.476926869324
"272",-28.9,"SD",19.1378546455688,-5.39767131205356,43.6733806031912
"273",-28.8,"SD",19.1195299954845,-4.78598109658773,43.0250410875567
"274",-28.7,"SD",18.3701096051605,-4.49037614323237,41.2305953535534
"275",-28.6,"SD",18.1757432080447,-5.12130259961486,41.4727890157043
"276",-28.5,"SD",18.6884873227211,-5.98665957094736,43.3636342163895
"277",-28.4,"SD",18.2510190946441,-5.49890972028154,42.0009479095697
"278",-28.3,"SD",18.7711231578398,-5.22993072112063,42.7721770368003
"279",-28.2,"SD",19.0054890096396,-4.79015015117618,42.8011281704555
"280",-28.1,"SD",17.2531414167763,-4.38391788739161,38.8902007209441
"281",-28,"SD",19.2316660594532,-4.46333312605345,42.9266652449598
"282",-27.9,"SD",20.0684602734682,-5.00168921616115,45.1386097630975
"283",-27.8,"SD",20.9624659999202,-4.58060212174638,46.5055341215867
"284",-27.7,"SD",19.9809437408551,-3.47107778954045,43.4329652712506
"285",-27.6,"SD",20.8362600086824,-3.19191142017441,44.8644314375391
"286",-27.5,"SD",22.744316632667,-1.7968672464711,47.2855005118051
"287",-27.4,"SD",23.7935105637677,-1.4363869416713,49.0234080692067
"288",-27.3,"SD",23.4270740569919,-1.54293928357958,48.3970873975634
"289",-27.2,"SD",24.0182305331858,-1.39680912754757,49.4332701939193
"290",-27.1,"SD",24.6723191398757,-1.18665827153971,50.5312965512912
"291",-27,"SD",26.0869950539461,-1.81922894519479,53.9932190530869
"292",-26.9,"SD",27.3141095374238,-2.76013897312097,57.3883580479686
"293",-26.8,"SD",28.6826303996533,-1.92396728062204,59.2892280799287
"294",-26.7,"SD",28.9765758140137,-1.21013137372615,59.1632830017536
"295",-26.6,"SD",29.1489516581429,-0.907612258391513,59.2055155746772
"296",-26.5,"SD",30.3908781514347,-0.611586824239627,61.3933431271091
"297",-26.4,"SD",29.5188730326865,0.679423964500131,58.3583221008728
"298",-26.3,"SD",28.8296688224314,0.390382634809111,57.2689550100536
"299",-26.2,"SD",29.3343622298885,0.68720580057391,57.9815186592031
"300",-26.1,"SD",29.8728331167495,1.40397419169825,58.3416920418008
"301",-26,"SD",30.0598321450368,1.02386900935855,59.0957952807151
"302",-25.9,"SD",30.2537266401664,2.16736773583008,58.3400855445027
"303",-25.8,"SD",30.2098773900034,2.10918146038443,58.3105733196223
"304",-25.7,"SD",30.3111265950797,2.93745868322098,57.6847945069384
"305",-25.6,"SD",30.2583555186576,4.09904241824932,56.4176686190659
"306",-25.5,"SD",29.3165585771269,4.00646148633729,54.6266556679164
"307",-25.4,"SD",29.6192296501621,4.1976942668579,55.0407650334663
"308",-25.3,"SD",32.2211063052851,6.37209087246635,58.0701217381039
"309",-25.2,"SD",32.1105730288913,5.87717364007514,58.3439724177074
"310",-25.1,"SD",31.9130383413583,5.52435908554804,58.3017175971686
"311",-25,"SD",31.6102110438391,4.59853310308004,58.6218889845981
"312",-24.9,"SD",31.3348945569322,4.70574212229539,57.9640469915691
"313",-24.8,"SD",31.0648455753151,4.51695798796002,57.6127331626703
"314",-24.7,"SD",30.8359783891951,4.19179788920296,57.4801588891873
"315",-24.6,"SD",30.6090443085489,2.55102772154678,58.667060895551
"316",-24.5,"SD",30.2923394054544,2.08692117320307,58.4977576377058
"317",-24.4,"SD",30.2750407505112,2.16839532566043,58.3816861753619
"318",-24.3,"SD",29.5178528172626,1.42004911802914,57.615656516496
"319",-24.2,"SD",29.5893489060679,2.31294008863527,56.8657577235005
"320",-24.1,"SD",28.1798239467765,1.48645804984082,54.8731898437122
"321",-24,"SD",26.7799355118542,2.08933779753819,51.4705332261702
"322",-23.9,"SD",27.6257713798198,2.43560859103318,52.8159341686064
"323",-23.8,"SD",26.9459813735308,1.04023662678171,52.8517261202798
"324",-23.7,"SD",25.8639020306479,0.358443547281013,51.3693605140148
"325",-23.6,"SD",23.7757252253584,-0.927093438589409,48.4785438893062
"326",-23.5,"SD",22.4679170103656,-1.57410622162498,46.5099402423561
"327",-23.4,"SD",22.9331584432274,-1.69388702643119,47.5602039128859
"328",-23.3,"SD",23.4278541393725,-1.89848195968188,48.754190238427
"329",-23.2,"SD",21.7490076654205,-1.40505814700042,44.9030734778414
"330",-23.1,"SD",21.9673589400969,-1.15992454151431,45.094642421708
"331",-23,"SD",23.6731631702686,-1.25162856621974,48.597954906757
"332",-22.9,"SD",24.0528987505077,-2.3740469403146,50.47984444133
"333",-22.8,"SD",24.3053411861079,-2.7651770626869,51.3758594349028
"334",-22.7,"SD",23.2323453924621,-1.79785021957085,48.262541004495
"335",-22.6,"SD",23.1994723163162,-2.38661848257903,48.7855631152114
"336",-22.5,"SD",23.9956782945397,-3.78158228835493,51.7729388774344
"337",-22.4,"SD",24.366989422012,-4.28234915432821,53.0163279983523
"338",-22.3,"SD",23.244677091656,-3.5123871642433,50.0017413475553
"339",-22.2,"SD",22.8007768130273,-3.9394514480041,49.5410050740587
"340",-22.1,"SD",22.0373512626414,-3.60114943793722,47.6758519632199
"341",-22,"SD",21.6168727179513,-2.75875988477899,45.9925053206815
"342",-21.9,"SD",20.8927777967561,-3.10873362553274,44.894289219045
"343",-21.8,"SD",20.8637171407152,-2.51020858767216,44.2376428691026
"344",-21.7,"SD",20.2579126449542,-1.66125006029459,42.177075350203
"345",-21.6,"SD",20.1653385604911,-2.16906729662907,42.4997444176113
"346",-21.5,"SD",18.9303545362337,-2.37566105247286,40.2363701249402
"347",-21.4,"SD",19.8755804146912,-3.32459256232379,43.0757533917062
"348",-21.3,"SD",19.6149678840758,-2.61299335867653,41.8429291268281
"349",-21.2,"SD",20.3025830244765,-2.29103729537332,42.8962033443262
"350",-21.1,"SD",21.1122394613541,-2.49612636618514,44.7206052888934
"351",-21,"SD",22.330777818438,-2.15788879974357,46.8194444366195
"352",-20.9,"SD",22.2736511939864,-1.63652702724155,46.1838294152143
"353",-20.8,"SD",21.6380696855753,-1.92775594037625,45.2038953115269
"354",-20.7,"SD",21.8877469597363,-1.14734797858029,44.9228418980529
"355",-20.6,"SD",23.2102132828017,-1.2188437837258,47.6392703493293
"356",-20.5,"SD",23.5907185672531,-1.47840861850499,48.6598457530112
"357",-20.4,"SD",22.7200540358548,-1.64249404516883,47.0826021168784
"358",-20.3,"SD",22.1952653282497,-1.50071334537129,45.8912440018706
"359",-20.2,"SD",22.3756948860197,-1.19996571662195,45.9513554886613
"360",-20.1,"SD",22.6825726206641,-1.26662751821517,46.6317727595435
"361",-20,"SD",22.341233287967,-1.1337021923461,45.81616876828
"362",-19.9,"SD",22.2767026293973,-0.408338584716095,44.9617438435107
"363",-19.8,"SD",22.0154059504316,0.0421621212143641,43.9886497796488
"364",-19.7,"SD",22.7261193196737,0.420034294654325,45.032204344693
"365",-19.6,"SD",23.3225655768332,0.944455304452411,45.7006758492139
"366",-19.5,"SD",23.9000256858832,1.25796662064149,46.542084751125
"367",-19.4,"SD",24.0814737525651,0.593486617185903,47.5694608879444
"368",-19.3,"SD",23.9494473755343,0.109966865438725,47.7889278856298
"369",-19.2,"SD",23.9909268509665,0.164505164298301,47.8173485376346
"370",-19.1,"SD",24.9965007914128,1.31659350840491,48.6764080744207
"371",-19,"SD",25.1447023515791,1.01682623027311,49.272578472885
"372",-18.9,"SD",25.4801610465401,0.571155505610083,50.3891665874701
"373",-18.8,"SD",25.4704416742304,0.773560399002854,50.1673229494579
"374",-18.7,"SD",25.0679145555395,-0.382175608095785,50.5180047191748
"375",-18.6,"SD",25.132379032098,-0.498052857921031,50.7628109221171
"376",-18.5,"SD",24.7962953880744,-0.846951721695611,50.4395424978443
"377",-18.4,"SD",24.9643980033572,-0.591599539646481,50.5203955463608
"378",-18.3,"SD",24.3767173926254,-0.918690414173064,49.6721251994239
"379",-18.2,"SD",23.6908459321521,-0.191996816045755,47.5736886803499
"380",-18.1,"SD",23.3904224640736,-0.110462637256571,46.8913075654037
"381",-18,"SD",23.6747162112,-1.01736110103191,48.3667935234319
"382",-17.9,"SD",23.857338212692,-1.24857324782084,48.9632496732049
"383",-17.8,"SD",24.1218593075809,-1.5831671243659,49.8268857395277
"384",-17.7,"SD",24.2225618859826,-1.84653627927672,50.2916600512419
"385",-17.6,"SD",24.1533108879301,-2.054165700327,50.3607874761872
"386",-17.5,"SD",22.9663947872884,-2.42324032609642,48.3560299006732
"387",-17.4,"SD",22.8899640644384,-2.1775319051775,47.9574600340543
"388",-17.3,"SD",23.8226355905513,-1.89415012717999,49.5394213082826
"389",-17.2,"SD",24.3298377356907,-1.45879491246301,50.1184703838444
"390",-17.1,"SD",24.4008196032623,-1.88300296669512,50.6846421732196
"391",-17,"SD",24.5628562352192,-2.24393674564609,51.3696492160845
"392",-16.9,"SD",25.7783700721634,-2.12072294175226,53.6774630860791
"393",-16.8,"SD",27.4884908863275,-1.58687859545375,56.5638603681087
"394",-16.7,"SD",28.1512377319178,-0.628770942565485,56.9312464064011
"395",-16.6,"SD",28.0032078417124,-0.965169163651019,56.9715848470758
"396",-16.5,"SD",29.1187437422527,-0.37137383381512,58.6088613183204
"397",-16.4,"SD",29.0742876363681,-0.840613284747715,58.9891885574839
"398",-16.3,"SD",28.9103839789452,-0.40157885516232,58.2223468130528
"399",-16.2,"SD",27.1883445372484,-0.296299478686876,54.6729885531836
"400",-16.1,"SD",27.6562744974537,-0.477708808396926,55.7902578033043
"401",-16,"SD",27.7765914631963,-0.70069417794976,56.2538771043424
"402",-15.9,"SD",28.4342807449229,-0.829688735117571,57.6982502249634
"403",-15.8,"SD",28.4811821957286,-0.663244629239625,57.6256090206968
"404",-15.7,"SD",28.6189143889527,-0.704209257258103,57.9420380351635
"405",-15.6,"SD",29.1282610699024,-0.0419534421106178,58.2984755819155
"406",-15.5,"SD",29.7451281420487,-0.183330992592627,59.67358727669
"407",-15.4,"SD",30.4825158512627,0.101272504753112,60.8637591977723
"408",-15.3,"SD",31.0444620072353,-0.960036570737021,63.0489605852077
"409",-15.2,"SD",31.7792066746884,-1.41339154189045,64.9718048912672
"410",-15.1,"SD",32.10108829922,-0.85492893993468,65.0571055383747
"411",-15,"SD",33.1595203200939,-0.61259083625179,66.9316314764395
"412",-14.9,"SD",32.9156518469067,-1.14549358165312,66.9767972754665
"413",-14.8,"SD",32.5047894610849,-1.46698325252178,66.4765621746917
"414",-14.7,"SD",31.6909288626419,-2.12684497487661,65.5087027001603
"415",-14.6,"SD",31.6908952102701,-1.49635904059268,64.8781494611329
"416",-14.5,"SD",32.4729854872739,-0.712023545847735,65.6579945203956
"417",-14.4,"SD",33.0786687301631,-0.0945517143044299,66.2518891746306
"418",-14.3,"SD",32.7755003844274,-0.615785905388634,66.1667866742434
"419",-14.2,"SD",33.1655987885443,-0.816333174388291,67.1475307514768
"420",-14.1,"SD",34.986649819045,0.0516242806515166,69.9216753574384
"421",-14,"SD",37.0854677328307,1.08039673067105,73.0905387349904
"422",-13.9,"SD",37.2431713885569,1.88585515112806,72.6004876259858
"423",-13.8,"SD",37.4898535913512,2.57431260142025,72.4053945812822
"424",-13.7,"SD",38.6018862623522,3.29247682056551,73.9112957041388
"425",-13.6,"SD",38.8374977672911,3.27674662766575,74.3982489069165
"426",-13.5,"SD",38.8980824443124,2.52536527115683,75.270799617468
"427",-13.4,"SD",39.4416489245364,2.30948462945675,76.573813219616
"428",-13.3,"SD",40.0986126453121,2.50365783646831,77.6935674541559
"429",-13.2,"SD",41.8605032153141,2.86368649647298,80.8573199341552
"430",-13.1,"SD",42.0548757897148,2.7785179108503,81.3312336685794
"431",-13,"SD",43.7613655133599,3.34115292581889,84.181578100901
"432",-12.9,"SD",46.6601550903364,4.57103387892583,88.7492763017469
"433",-12.8,"SD",48.8310114098832,5.44562312357947,92.216399696187
"434",-12.7,"SD",50.0946545013852,6.06412171466624,94.1251872881042
"435",-12.6,"SD",51.475625192277,6.52173722461272,96.4295131599412
"436",-12.5,"SD",52.1174547937917,6.10514611624899,98.1297634713343
"437",-12.4,"SD",52.478366335436,6.5484997102998,98.4082329605721
"438",-12.3,"SD",53.3504621494499,6.26694807944293,100.433976219457
"439",-12.2,"SD",53.4762879046354,5.17239248029498,101.780183328976
"440",-12.1,"SD",55.164562215856,5.87860631847002,104.450518113242
"441",-12,"SD",57.4733476985516,6.67889321168094,108.267802185422
"442",-11.9,"SD",57.7847364772174,5.90351708506797,109.665955869367
"443",-11.8,"SD",58.4076875296656,5.53493850242609,111.280436556905
"444",-11.7,"SD",57.9576589605995,4.97427974349089,110.941038177708
"445",-11.6,"SD",58.4299225197859,5.79885066662992,111.060994372942
"446",-11.5,"SD",58.4111243229997,5.7410677022323,111.081180943767
"447",-11.4,"SD",60.1400281884252,6.65476355111113,113.625292825739
"448",-11.3,"SD",60.9077239631255,7.13433770960496,114.681110216646
"449",-11.2,"SD",61.3946779857556,7.45172106081306,115.337634910698
"450",-11.1,"SD",61.9839826488815,7.84423440891207,116.123730888851
"451",-11,"SD",63.7609727885186,9.53943660569931,117.982508971338
"452",-10.9,"SD",62.6645816846431,8.80350559655633,116.52565777273
"453",-10.8,"SD",62.5130652328313,8.78499753165228,116.24113293401
"454",-10.7,"SD",62.2034447746999,8.32610582529977,116.0807837241
"455",-10.6,"SD",61.2514782841598,7.05156992841406,115.451386639905
"456",-10.5,"SD",61.6126967063758,6.84880324419917,116.376590168552
"457",-10.4,"SD",59.3762791081697,5.84650777183368,112.906050444506
"458",-10.3,"SD",60.916378998106,6.0040243005013,115.828733695711
"459",-10.2,"SD",62.1136282320863,6.84288711824189,117.384369345931
"460",-10.1,"SD",62.2467251994671,6.79394879557499,117.699501603359
"461",-10,"SD",62.7501266805775,7.22307671440919,118.277176646746
"462",-9.9,"SD",62.7355293303276,6.44563884542023,119.025419815235
"463",-9.8,"SD",62.8638185968518,5.8748670430038,119.8527701507
"464",-9.7,"SD",64.9234097672738,7.53515582766754,122.31166370688
"465",-9.6,"SD",66.4902292390233,8.71934841684818,124.261110061198
"466",-9.5,"SD",67.1278914652484,8.56774864937389,125.688034281123
"467",-9.4,"SD",68.1875481527171,8.36591370210395,128.00918260333
"468",-9.3,"SD",69.9290330160219,10.2159268254419,129.642139206602
"469",-9.2,"SD",70.7534622860611,11.3716681009647,130.135256471158
"470",-9.1,"SD",71.1030062957878,11.7654294048656,130.44058318671
"471",-9,"SD",72.0889729298134,12.0662609188727,132.111684940754
"472",-8.9,"SD",71.8416138760078,11.5637629648162,132.119464787199
"473",-8.8,"SD",70.5960383133836,11.6344125031792,129.557664123588
"474",-8.7,"SD",71.5837870637791,12.8395681978878,130.32800592967
"475",-8.6,"SD",70.5986062212399,10.6658433727723,130.531369069707
"476",-8.5,"SD",71.1013834390687,10.6741406254446,131.528626252693
"477",-8.4,"SD",71.5523523207147,11.6515926260836,131.453112015346
"478",-8.3,"SD",71.2886568984312,11.9232032613546,130.654110535508
"479",-8.2,"SD",73.1502424172433,13.426443762208,132.874041072279
"480",-8.1,"SD",73.7930203210131,13.7968073287118,133.789233313314
"481",-8,"SD",76.0372738368043,15.5006815565648,136.573866117044
"482",-7.9,"SD",76.9201167267523,15.1371003991908,138.703133054314
"483",-7.8,"SD",77.2424702122115,15.0073196356887,139.477620788734
"484",-7.7,"SD",77.2882975124329,15.346532452578,139.230062572288
"485",-7.6,"SD",78.7992158578411,16.2608797279085,141.337551987774
"486",-7.5,"SD",77.9298836365175,15.4243742870796,140.435392985955
"487",-7.4,"SD",77.6131975393178,15.0940611525949,140.132333926041
"488",-7.3,"SD",77.8762396389241,15.6246204441196,140.127858833729
"489",-7.2,"SD",77.1718688322256,14.3379084415219,140.005829222929
"490",-7.1,"SD",76.6911317478478,12.8243607473365,140.557902748359
"491",-7,"SD",77.3393743755829,12.4020081877141,142.276740563452
"492",-6.9,"SD",78.0982608101732,11.7057708883882,144.490750731958
"493",-6.8,"SD",79.8215578951595,14.1646008365716,145.478514953747
"494",-6.7,"SD",81.8816369737336,17.138841484488,146.624432462979
"495",-6.6,"SD",81.5375719510784,17.0526062545053,146.022537647652
"496",-6.5,"SD",82.1298644064364,17.5232447546921,146.736484058181
"497",-6.4,"SD",82.2043565855302,18.0753888752359,146.333324295825
"498",-6.3,"SD",82.0602967518745,17.6899512070831,146.430642296666
"499",-6.2,"SD",83.4307679919386,18.3573101281537,148.504225855724
"500",-6.1,"SD",84.8789715424368,19.8496967721693,149.908246312704
"501",-6,"SD",86.3155601069923,21.4718684701962,151.159251743788
"502",-5.9,"SD",87.3930492158131,22.5072174831911,152.278880948435
"503",-5.8,"SD",87.9213354680734,23.3736467663352,152.469024169812
"504",-5.7,"SD",90.1538940792108,26.6481082472312,153.65967991119
"505",-5.6,"SD",89.6636129411663,26.5581661524051,152.769059729928
"506",-5.5,"SD",88.607719415104,25.5896874637048,151.625751366503
"507",-5.4,"SD",89.2662854563535,26.4272765089484,152.105294403759
"508",-5.3,"SD",90.9118408619164,27.7535281408424,154.07015358299
"509",-5.2,"SD",91.7746340603459,29.0516755548558,154.497592565836
"510",-5.1,"SD",92.9852669168997,29.7940939559831,156.176439877816
"511",-5,"SD",94.7932742387835,32.0499204985106,157.536627979056
"512",-4.9,"SD",95.7385355002197,32.9708278162626,158.506243184177
"513",-4.8,"SD",96.361188460268,32.6551789318411,160.067197988695
"514",-4.7,"SD",96.5854758414672,33.0703529382163,160.100598744718
"515",-4.6,"SD",95.2503611604194,31.4804824509519,159.020239869887
"516",-4.5,"SD",94.3636646520281,31.5687384263576,157.158590877699
"517",-4.4,"SD",93.6232249750303,31.7360021058399,155.510447844221
"518",-4.3,"SD",93.2908377251424,31.1046260496709,155.477049400614
"519",-4.2,"SD",93.2303870999328,30.8396088277366,155.621165372129
"520",-4.1,"SD",92.1116329718623,30.9113691676669,153.311896776058
"521",-4,"SD",92.9285427579705,31.7765645235823,154.080520992359
"522",-3.9,"SD",93.2043313716063,32.5519113321686,153.856751411044
"523",-3.8,"SD",94.7609092725801,34.0549899224079,155.466828622752
"524",-3.7,"SD",99.0976229139698,38.4371262213611,159.758119606579
"525",-3.6,"SD",102.309395632985,41.6537098003491,162.965081465622
"526",-3.5,"SD",101.602618216564,40.3221339054119,162.883102527716
"527",-3.4,"SD",101.465587090253,39.6299625557781,163.301211624728
"528",-3.3,"SD",102.825293265691,40.6804711217695,164.970115409611
"529",-3.2,"SD",104.518496418887,42.6935297991187,166.343463038656
"530",-3.1,"SD",104.599725091621,42.1853604453409,167.014089737902
"531",-3,"SD",105.347924954648,43.2489370102346,167.446912899061
"532",-2.9,"SD",106.444740119802,44.8541603242833,168.035319915321
"533",-2.8,"SD",107.618221620822,46.1756317324265,169.060811509218
"534",-2.7,"SD",106.956806099545,45.6310352436114,168.282576955478
"535",-2.6,"SD",105.937085800255,44.5597700804529,167.314401520058
"536",-2.5,"SD",106.616719577919,45.2482387437765,167.985200412062
"537",-2.4,"SD",106.656412986871,45.8156924756573,167.497133498085
"538",-2.3,"SD",107.85888704306,47.1267388011911,168.591035284928
"539",-2.2,"SD",107.511870233127,46.259442330801,168.764298135454
"540",-2.1,"SD",106.268994096074,44.8712131556943,167.666775036454
"541",-2,"SD",108.037127682911,46.4354978203061,169.638757545516
"542",-1.9,"SD",108.279295875928,47.4435931444179,169.114998607438
"543",-1.8,"SD",108.847863883962,48.6738051051162,169.021922662807
"544",-1.7,"SD",110.975560541349,51.3288279461601,170.622293136538
"545",-1.6,"SD",111.550042086147,52.5007959857787,170.599288186515
"546",-1.5,"SD",113.070492252349,54.6399807755662,171.501003729131
"547",-1.4,"SD",114.918791839223,56.6801018613833,173.157481817062
"548",-1.3,"SD",116.215158117303,58.3071039648429,174.123212269764
"549",-1.2,"SD",117.904748389342,60.6558559494716,175.153640829211
"550",-1.1,"SD",118.924972814421,61.6825347777365,176.167410851105
"551",-1,"SD",119.157058980614,61.5921996060072,176.721918355221
"552",-0.9,"SD",118.404176083986,60.88931515817,175.919037009801
"553",-0.8,"SD",117.819449369221,60.7526808865257,174.886217851916
"554",-0.7,"SD",117.841847952936,61.2417414012949,174.441954504578
"555",-0.6,"SD",118.482067703903,62.2341636454171,174.72997176239
"556",-0.5,"SD",118.272561612881,62.7836548956655,173.761468330097
"557",-0.4,"SD",117.53857157459,61.6732086970436,173.403934452136
"558",-0.3,"SD",116.971391861402,60.8957965587038,173.0469871641
"559",-0.2,"SD",119.857630334194,64.8933916205348,174.821869047852
"560",-0.1,"SD",117.549480581159,61.4827469735632,173.616214188755
"561",0,"SD",117.707594148695,61.4406160911116,173.974572206278
"562",0.1,"SD",116.772716213014,60.1673498264592,173.378082599568
"563",0.2,"SD",116.964139337402,59.4357801100021,174.492498564803
"564",0.3,"SD",117.123337907157,59.952593907723,174.294081906591
"565",0.4,"SD",116.869392935213,59.9324267371069,173.80635913332
"566",0.5,"SD",116.856135795407,60.0039584242511,173.708313166562
"567",0.6,"SD",118.470144513443,62.6840749751306,174.256214051755
"568",0.7,"SD",121.787395406295,67.2515914198895,176.3231993927
"569",0.8,"SD",121.441373276226,67.4021366757835,175.480609876669
"570",0.9,"SD",120.740065501998,65.543315586819,175.936815417178
"571",1,"SD",119.114495549406,62.7976505625284,175.431340536284
"572",1.1,"SD",118.376915063168,61.0172666212527,175.736563505083
"573",1.2,"SD",119.852993653671,62.5668949130186,177.139092394323
"574",1.3,"SD",121.168079253749,63.9639225515456,178.372235955953
"575",1.4,"SD",120.188656548312,61.3560710870055,179.021242009619
"576",1.5,"SD",120.067063037053,61.2253161275862,178.90880994652
"577",1.6,"SD",121.109597556826,63.0416053995336,179.177589714118
"578",1.7,"SD",121.977288236115,65.0564365782976,178.898139893931
"579",1.8,"SD",121.742582859834,63.9170905265564,179.568075193112
"580",1.9,"SD",121.996824673464,64.1664362890635,179.827213057865
"581",2,"SD",121.203112694346,63.1461365441848,179.260088844506
"582",2.1,"SD",119.23003823525,60.7775321259775,177.682544344522
"583",2.2,"SD",117.42684364832,58.3114379447096,176.54224935193
"584",2.3,"SD",116.580661336098,57.4184327467473,175.742889925448
"585",2.4,"SD",116.258769418614,57.4426154389751,175.074923398254
"586",2.5,"SD",116.114778912799,57.4714478231252,174.758110002473
"587",2.6,"SD",115.697614933098,56.5960922327037,174.799137633492
"588",2.7,"SD",114.688946964387,55.0536627968946,174.32423113188
"589",2.8,"SD",111.594274966222,51.5850338531516,171.603516079293
"590",2.9,"SD",109.683745824956,48.1905868738514,171.176904776061
"591",3,"SD",110.152754145067,48.2992234613011,172.006284828833
"592",3.1,"SD",109.906742038624,47.5682209102842,172.245263166963
"593",3.2,"SD",110.076527292683,48.1931690912324,171.959885494134
"594",3.3,"SD",107.989711181369,45.0427484815753,170.936673881162
"595",3.4,"SD",106.03539306545,42.9024821751727,169.168303955727
"596",3.5,"SD",102.321748843996,38.6757184579691,165.967779230023
"597",3.6,"SD",100.71044216421,38.548087160514,162.872797167906
"598",3.7,"SD",97.6410252848145,35.2129901851138,160.069060384515
"599",3.8,"SD",95.6604186389733,33.5300366240699,157.790800653877
"600",3.9,"SD",95.0749165701885,33.2424998680666,156.90733327231
"601",4,"SD",94.744377618218,33.7043977500854,155.784357486351
"602",4.1,"SD",93.8313413286065,33.1634290086179,154.499253648595
"603",4.2,"SD",92.2121987697981,31.7447230780938,152.679674461503
"604",4.3,"SD",89.3548036870241,29.0769520267039,149.632655347344
"605",4.4,"SD",86.219720998581,26.1510031522001,146.288438844962
"606",4.5,"SD",84.1997004681808,24.120168983908,144.279231952454
"607",4.6,"SD",81.8577217681557,23.6628401670928,140.052603369219
"608",4.7,"SD",80.161790840301,22.5764297612593,137.747151919343
"609",4.8,"SD",78.7432334129043,21.831544568074,135.654922257735
"610",4.9,"SD",78.7741035380308,21.9588461500078,135.589360926054
"611",5,"SD",78.1975000273426,21.923001892163,134.471998162522
"612",5.1,"SD",77.6777466789409,21.5784753795481,133.777017978334
"613",5.2,"SD",77.1062438511255,20.7046694864339,133.507818215817
"614",5.3,"SD",77.6972109677954,21.4680105067821,133.926411428809
"615",5.4,"SD",76.9233266197352,21.7175209475223,132.129132291948
"616",5.5,"SD",75.4397364544136,20.8595099671729,130.019962941654
"617",5.6,"SD",73.1177022423764,19.9397404092594,126.295664075493
"618",5.7,"SD",71.5496191461081,18.9443125613723,124.154925730844
"619",5.8,"SD",69.9370437963503,17.6160412196569,122.258046373044
"620",5.9,"SD",66.8631480332454,16.4326327893141,117.293663277177
"621",6,"SD",65.1933103368487,16.5239261571434,113.862694516554
"622",6.1,"SD",63.695294175636,15.4728439919511,111.917744359321
"623",6.2,"SD",62.078522351584,14.6399674426774,109.517077260491
"624",6.3,"SD",58.5272617181327,12.0252003459767,105.029323090289
"625",6.4,"SD",57.2175055962126,11.535587973874,102.899423218551
"626",6.5,"SD",55.7721097415026,11.6231190382222,99.9211004447831
"627",6.6,"SD",54.5799449133738,10.6977156584009,98.4621741683468
"628",6.7,"SD",51.9275301136028,10.0112668261754,93.8437934010303
"629",6.8,"SD",50.1034320084608,9.42430064441876,90.7825633725029
"630",6.9,"SD",49.3275642675393,9.93931652129242,88.7158120137862
"631",7,"SD",49.0789923322029,10.3178561932832,87.8401284711227
"632",7.1,"SD",47.8998070474498,8.97644713727188,86.8231669576276
"633",7.2,"SD",47.1640509733851,7.53944889152078,86.7886530552494
"634",7.3,"SD",46.9496977132772,7.37131389504859,86.5280815315058
"635",7.4,"SD",46.1870934901559,6.27679208377042,86.0973948965414
"636",7.5,"SD",44.8786066039232,5.75607838739133,84.001134820455
"637",7.6,"SD",43.9846119360481,5.74396128776086,82.2252625843352
"638",7.7,"SD",42.5443710620063,5.0967975409007,79.991944583112
"639",7.8,"SD",41.7133256944412,3.71657630221012,79.7100750866722
"640",7.9,"SD",41.7195584337068,4.33814218623443,79.1009746811792
"641",8,"SD",40.704205079766,4.05695576331561,77.3514543962164
"642",8.1,"SD",38.3445573783107,2.82788811356563,73.8612266430557
"643",8.2,"SD",36.591813290189,1.22863712082909,71.9549894595489
"644",8.3,"SD",35.8893505485628,1.15091350538481,70.6277875917408
"645",8.4,"SD",34.2145128645296,1.7556027321229,66.6734229969364
"646",8.5,"SD",32.1393422048771,1.09079829608632,63.187886113668
"647",8.6,"SD",31.7621159472113,1.41731269720476,62.1069191972178
"648",8.7,"SD",31.5870084105812,1.369720150249,61.8042966709134
"649",8.8,"SD",31.9212487879337,1.46266070147304,62.3798368743944
"650",8.9,"SD",30.5083388494296,0.100115782904808,60.9165619159545
"651",9,"SD",28.5460838165871,0.24887337906123,56.8432942541131
"652",9.1,"SD",28.9673973629928,-0.105568633998669,58.0403633599842
"653",9.2,"SD",28.8963889648758,-0.619972140482858,58.4127500702344
"654",9.3,"SD",28.3451325449715,-0.988950210486241,57.6792153004293
"655",9.4,"SD",27.6883472373107,-2.24112958449171,57.6178240591132
"656",9.5,"SD",26.4472231462648,-2.2968935095152,55.1913398020447
"657",9.6,"SD",25.940579364605,-0.956191089411856,52.8373498186218
"658",9.7,"SD",27.0521838922989,-0.697732317174509,54.8021001017723
"659",9.8,"SD",26.8606284620502,0.521484499845467,53.199772424255
"660",9.9,"SD",25.8693346512086,1.48039425341728,50.2582750489999
"661",10,"SD",26.112160778656,1.35151252460036,50.8728090327116
"662",10.1,"SD",25.8540531918036,-0.270891895441569,51.9789982790487
"663",10.2,"SD",25.5549764483408,-1.07576710637472,52.1857200030563
"664",10.3,"SD",24.3418885778077,0.337965402864317,48.3458117527511
"665",10.4,"SD",24.3647993259552,-0.751325395666424,49.4809240475768
"666",10.5,"SD",22.2132228199756,-0.775521508243568,45.2019671481947
"667",10.6,"SD",21.8692434984698,-1.58582016780618,45.3243071647458
"668",10.7,"SD",21.7050680881262,-3.41291559625799,46.8230517725105
"669",10.8,"SD",19.7759473248644,-2.74953858660655,42.3014332363353
"670",10.9,"SD",19.25578643392,-2.59899579331292,41.1105686611529
"671",11,"SD",20.3022280999659,-2.52437186805302,43.1288280679848
"672",11.1,"SD",20.22491648896,-2.38547266329273,42.8353056412127
"673",11.2,"SD",20.2456276148055,-2.64669747539296,43.137952705004
"674",11.3,"SD",21.047181865211,-3.05741231821445,45.1517760486365
"675",11.4,"SD",20.4924294060472,-3.25057638504062,44.2354351971351
"676",11.5,"SD",20.2878270400831,-3.37462555405873,43.9502796342249
"677",11.6,"SD",20.1477747743797,-3.44392989985565,43.739479448615
"678",11.7,"SD",19.928277002295,-4.25182397511697,44.1083779797069
"679",11.8,"SD",20.1406229193856,-4.9519307438417,45.233176582613
"680",11.9,"SD",19.741761732712,-4.9869472907233,44.4704707561473
"681",12,"SD",19.622339768758,-5.86025389508265,45.1049334325986
"682",12.1,"SD",20.5765493113764,-5.650353870297,46.8034524930497
"683",12.2,"SD",20.7396965102243,-5.61650296203398,47.0958959824826
"684",12.3,"SD",19.8483304882247,-5.45478475768508,45.1514457341346
"685",12.4,"SD",19.530191256973,-5.23486398803057,44.2952465019765
"686",12.5,"SD",18.5357922552546,-4.59495485943868,41.6665393699478
"687",12.6,"SD",18.0001501758162,-5.12293216004905,41.1232325116815
"688",12.7,"SD",18.614219080314,-5.49537410474946,42.7238122653774
"689",12.8,"SD",18.4932082697728,-5.67677550691309,42.6631920464586
"690",12.9,"SD",18.6601140471994,-5.2600029353822,42.5802310297811
"691",13,"SD",19.2890842577663,-5.09414715115777,43.6723156666904
"692",13.1,"SD",19.8226427224106,-5.06009608887098,44.7053815336922
"693",13.2,"SD",21.3803730287158,-5.09226734276007,47.8530134001917
"694",13.3,"SD",21.6649814553645,-4.64055348620134,47.9705163969302
"695",13.4,"SD",20.77837025039,-3.96079535728686,45.5175358580668
"696",13.5,"SD",20.8239490657004,-4.24632095590699,45.8942190873077
"697",13.6,"SD",21.1433231124204,-3.72436903148415,46.011015256325
"698",13.7,"SD",22.347133871789,-3.05716241331101,47.7514301568891
"699",13.8,"SD",24.2041270542925,-3.257185168265,51.6654392768499
"700",13.9,"SD",25.0764183265156,-3.2579993621639,53.4108360151952
"701",14,"SD",24.9938813821196,-4.36668282202943,54.3544455862686
"702",14.1,"SD",26.0981848058083,-4.58841784563715,56.7847874572538
"703",14.2,"SD",28.2631395600463,-4.88559128699833,61.411870407091
"704",14.3,"SD",28.6210077494907,-5.33225102455473,62.5742665235362
"705",14.4,"SD",29.5404177731012,-5.53052442716456,64.611359973367
"706",14.5,"SD",26.4683409142348,-6.98968894051076,59.9263707689804
"707",14.6,"SD",25.2880316114347,-7.19355428323029,57.7696175060996
"708",14.7,"SD",24.5218633251077,-6.46124258524566,55.5049692354611
"709",14.8,"SD",25.1976380070248,-6.92839124998662,57.3236672640363
"710",14.9,"SD",27.323594889674,-6.87647114999165,61.5236609293397
"711",15,"SD",30.1135402461782,-5.31991280765091,65.5469933000073
"712",15.1,"SD",30.8469957970011,-3.63425800945974,65.3282496034619
"713",15.2,"SD",30.8907208840711,-2.6484848383676,64.4299266065097
"714",15.3,"SD",31.9333464847941,-1.55377944011266,65.4204724097009
"715",15.4,"SD",34.3748743514634,-0.860204853934128,69.609953556861
"716",15.5,"SD",35.7622016448362,-1.13291535647641,72.6573186461488
"717",15.6,"SD",36.9987461114295,0.986982498748986,73.01050972411
"718",15.7,"SD",34.1918926103316,-0.588718634353953,68.9725038550171
"719",15.8,"SD",32.3559046410078,-1.27063700079393,65.9824462828096
"720",15.9,"SD",31.5144045685108,-2.08253566506943,65.111344802091
"721",16,"SD",29.3296991466284,-2.12796051513269,60.7873588083895
"722",16.1,"SD",31.8758570149566,-0.794980415978117,64.5466944458914
"723",16.2,"SD",31.8475312191574,-0.427249772984279,64.1223122112991
"724",16.3,"SD",29.2980039562845,-0.841681595057238,59.4376895076261
"725",16.4,"SD",28.815711247413,-2.05496770732615,59.6863902021521
"726",16.5,"SD",28.392376310718,-3.23175587088912,60.016508492325
"727",16.6,"SD",29.8546701198081,-1.78719674741969,61.4965369870359
"728",16.7,"SD",31.5641937209824,0.0911423322612848,63.0372451097035
"729",16.8,"SD",32.2888922525296,1.6949619027976,62.8828226022616
"730",16.9,"SD",33.9098757202577,3.67041190248444,64.149339538031
"731",17,"SD",33.8780648010787,3.76380461593252,63.992324986225
"732",17.1,"SD",33.5210794875081,4.2767655902298,62.7653933847863
"733",17.2,"SD",35.2615793673605,5.34239583983518,65.1807628948858
"734",17.3,"SD",34.9619324144979,6.71403471825153,63.2098301107443
"735",17.4,"SD",35.9848139990748,7.79575204772119,64.1738759504283
"736",17.5,"SD",34.8984660920773,6.93865012652767,62.8582820576269
"737",17.6,"SD",33.5301605099934,5.7673455368387,61.2929754831481
"738",17.7,"SD",33.4775217549467,5.58298916910874,61.3720543407846
"739",17.8,"SD",33.1200516068589,5.9247488291545,60.3153543845632
"740",17.9,"SD",31.9582774287107,5.39649878281307,58.5200560746084
"741",18,"SD",32.3106778589036,5.22252094709976,59.3988347707074
"742",18.1,"SD",33.6236226264768,6.06079445057414,61.1864508023795
"743",18.2,"SD",33.4501973154574,6.08522797983084,60.815166651084
"744",18.3,"SD",32.8819444669371,5.94991779873115,59.8139711351431
"745",18.4,"SD",32.4990654849205,6.67083070630061,58.3273002635404
"746",18.5,"SD",32.537351478925,5.77586479964451,59.2988381582055
"747",18.6,"SD",33.4357927724904,7.03227695976485,59.8393085852159
"748",18.7,"SD",35.2995967239696,7.70143857738694,62.8977548705522
"749",18.8,"SD",36.4951083378799,9.05381695518557,63.9363997205743
"750",18.9,"SD",37.2982468705078,9.68406451311458,64.9124292279011
"751",19,"SD",38.7067874661617,10.7035978451661,66.7099770871574
"752",19.1,"SD",38.521526272599,10.565094161423,66.477958383775
"753",19.2,"SD",37.4923219161217,9.81772460054198,65.1669192317015
"754",19.3,"SD",36.0845507103483,9.87715898256449,62.2919424381321
"755",19.4,"SD",35.1408917100131,9.59453667038295,60.6872467496432
"756",19.5,"SD",34.9754913928723,9.01297459032076,60.9380081954239
"757",19.6,"SD",34.7911459730021,8.16520916384723,61.4170827821569
"758",19.7,"SD",34.9347720964523,8.33224758057177,61.5372966123328
"759",19.8,"SD",34.4276360608455,8.41297855428871,60.4422935674023
"760",19.9,"SD",34.4452426262628,8.08753862178176,60.8029466307437
"761",20,"SD",33.8185336442718,7.30196814987579,60.3350991386679
"762",20.1,"SD",35.4507505250423,8.67400976125257,62.227491288832
"763",20.2,"SD",35.206759339624,7.97573667447446,62.4377820047735
"764",20.3,"SD",33.8923384241987,6.492796790685,61.2918800577123
"765",20.4,"SD",33.840014010815,7.04992899596942,60.6300990256606
"766",20.5,"SD",34.1074444751795,7.65530324098674,60.5595857093722
"767",20.6,"SD",33.5706204741204,6.54332985603635,60.5979110922044
"768",20.7,"SD",32.8096203681999,5.24594318894373,60.3732975474561
"769",20.8,"SD",32.0759533149741,5.07830668405226,59.073599945896
"770",20.9,"SD",31.4672278538188,4.90325965073732,58.0311960569002
"771",21,"SD",31.386067966274,4.48865803361947,58.2834778989284
"772",21.1,"SD",31.0795536065232,3.93861780477769,58.2204894082687
"773",21.2,"SD",30.339916293885,4.04948838985701,56.6303441979129
"774",21.3,"SD",30.7066921270879,4.04344515990256,57.3699390942732
"775",21.4,"SD",30.880292611449,3.71569629864161,58.0448889242564
"776",21.5,"SD",30.2705948784424,2.97115824910476,57.5700315077801
"777",21.6,"SD",30.7064985760146,2.78672205806313,58.626275093966
"778",21.7,"SD",30.573578514993,2.94521423557556,58.2019427944105
"779",21.8,"SD",30.3060182104826,3.72278348978943,56.8892529311757
"780",21.9,"SD",30.8827670842164,4.9250473198998,56.8404868485331
"781",22,"SD",30.6558951404597,4.66940396910948,56.64238631181
"782",22.1,"SD",30.0647844169713,3.7422206386826,56.3873481952601
"783",22.2,"SD",31.190575444639,3.62242494548548,58.7587259437925
"784",22.3,"SD",30.3456253105582,3.08186370457078,57.6093869165457
"785",22.4,"SD",29.3185467987811,2.68084217599601,55.9562514215662
"786",22.5,"SD",29.7836726809727,2.51484581627168,57.0524995456737
"787",22.6,"SD",30.4852800974951,2.92997755482484,58.0405826401653
"788",22.7,"SD",29.8190909792878,2.5299978423276,57.108184116248
"789",22.8,"SD",28.8912472332434,2.14945233832999,55.6330421281567
"790",22.9,"SD",29.8347970375828,3.22473156995153,56.4448625052141
"791",23,"SD",29.8966798871687,3.2281930797482,56.5651666945892
"792",23.1,"SD",30.3943039759943,3.50474449219889,57.2838634597897
"793",23.2,"SD",31.5739018696188,4.32326467444721,58.8245390647903
"794",23.3,"SD",31.8263616460911,3.54491858288462,60.1078047092975
"795",23.4,"SD",32.0942928076485,3.48621759109717,60.7023680241998
"796",23.5,"SD",32.9517452013927,4.04336661215954,61.8601237906259
"797",23.6,"SD",33.3408218325746,4.20358389755203,62.4780597675973
"798",23.7,"SD",33.3101329561398,4.05785090139486,62.5624150108847
"799",23.8,"SD",33.9135367857551,4.55788510800172,63.2691884635085
"800",23.9,"SD",33.679680501294,4.73874347002412,62.6206175325639
"801",24,"SD",34.0091709812543,5.2865827804456,62.731759182063
"802",24.1,"SD",33.663828969115,5.17315023705767,62.1545077011722
"803",24.2,"SD",32.8787875803131,4.56420514335132,61.1933700172749
"804",24.3,"SD",32.4731403288942,4.69703940293115,60.2492412548573
"805",24.4,"SD",32.9235537331696,4.97683847157346,60.8702689947657
"806",24.5,"SD",33.6827261721172,4.7953243349363,62.5701280092981
"807",24.6,"SD",33.7108277067425,4.03860048936692,63.3830549241181
"808",24.7,"SD",32.5455538336454,3.37942788647474,61.711679780816
"809",24.8,"SD",31.5672976394302,2.77226405231301,60.3623312265474
"810",24.9,"SD",32.2163863757197,1.87690909550739,62.5558636559321
"811",25,"SD",32.0026050724223,1.53553272132466,62.4696774235199
"812",25.1,"SD",32.5281445683356,1.08695736180163,63.9693317748695
"813",25.2,"SD",34.0315001148138,2.16614706544954,65.8968531641781
"814",25.3,"SD",32.452958477832,1.85716135921475,63.0487555964493
"815",25.4,"SD",32.4237780256953,2.25609528063695,62.5914607707537
"816",25.5,"SD",32.9102729514697,2.7471575949492,63.0733883079901
"817",25.6,"SD",33.3193235637482,2.75543050222404,63.8832166252723
"818",25.7,"SD",33.0702494047391,2.33628405117083,63.8042147583073
"819",25.8,"SD",32.7580771866306,1.8427117074381,63.6734426658231
"820",25.9,"SD",31.1285978271612,1.19307793202191,61.0641177223004
"821",26,"SD",30.0048812705436,0.50040838558823,59.509354155499
"822",26.1,"SD",30.0112720117715,0.181365304391917,59.8411787191511
"823",26.2,"SD",29.5931289729864,-0.322575129276213,59.5088330752491
"824",26.3,"SD",28.9482204453594,-0.518840194871991,58.4152810855909
"825",26.4,"SD",28.6003831071543,-0.862130497167087,58.0628967114757
"826",26.5,"SD",28.0694960434588,-1.22763073119964,57.3666228181172
"827",26.6,"SD",27.4558123081765,-1.70552367225793,56.6171482886109
"828",26.7,"SD",29.280164446683,-1.4305870726575,59.9909159660236
"829",26.8,"SD",31.3875313738532,-0.107795716719956,62.8828584644264
"830",26.9,"SD",33.7587504605252,1.66552687228733,65.8519740487631
"831",27,"SD",35.7901233599372,2.43576129111212,69.1444854287623
"832",27.1,"SD",35.7941836326226,2.35494146045406,69.233425804791
"833",27.2,"SD",35.6491260239196,2.68779758584853,68.6104544619907
"834",27.3,"SD",35.6150467521944,3.40914051972329,67.8209529846656
"835",27.4,"SD",36.2274582605573,2.84009587150535,69.6148206496093
"836",27.5,"SD",36.0620491406634,2.92691566241636,69.1971826189105
"837",27.6,"SD",34.881343901321,2.34319159185258,67.4194962107894
"838",27.7,"SD",34.9458501550582,1.75411667488013,68.1375836352363
"839",27.8,"SD",33.7870270535642,1.2516046514064,66.322449455722
"840",27.9,"SD",33.0536733838788,1.43063483792131,64.6767119298362
"841",28,"SD",31.8648466558659,1.50399404060609,62.2256992711258
"842",28.1,"SD",31.8345615549052,1.35902767216266,62.3100954376478
"843",28.2,"SD",33.7330406366568,2.06816774547033,65.3979135278434
"844",28.3,"SD",34.3296578178909,2.14327439529219,66.5160412404896
"845",28.4,"SD",33.3523360702661,1.5603897695698,65.1442823709625
"846",28.5,"SD",31.6509271703213,0.931131219465769,62.3707231211769
"847",28.6,"SD",30.3113333641286,0.315032464941748,60.3076342633154
"848",28.7,"SD",30.3733232828159,0.054737079694263,60.6919094859375
"849",28.8,"SD",29.8757598222117,-0.403026122126349,60.1545457665497
"850",28.9,"SD",28.887170988533,-1.97578210490721,59.7501240819732
"851",29,"SD",27.4907946567075,-0.911035285518281,55.8926245989332
"852",29.1,"SD",27.1423034160673,-0.76868635375223,55.0532931858868
"853",29.2,"SD",25.5310515110241,-1.26494264480629,52.3270456668544
"854",29.3,"SD",24.7362056338525,-1.85513352340728,51.3275447911123
"855",29.4,"SD",25.8568941183732,-0.68417883041614,52.3979670671625
"856",29.5,"SD",24.8181350825524,-0.00491891486613838,49.6411890799709
"857",29.6,"SD",24.4419855700577,0.960900868841648,47.9230702712738
"858",29.7,"SD",24.8167018941952,0.993291554957121,48.6401122334333
"859",29.8,"SD",25.234395716112,-0.173973989261718,50.6427654214857
"860",29.9,"SD",25.9169791639048,-1.30303589790967,53.1369942257194
"861",30,"SD",24.8947967747954,-2.71759404923142,52.5071875988222
"862",30.1,"SD",26.246402535328,-2.77483782586702,55.2676428965231
"863",30.2,"SD",27.2561947430838,-2.62191843384927,57.1343079200168
"864",30.3,"SD",28.4828801358611,-2.41043834276081,59.3761986144831
"865",30.4,"SD",29.2801544128711,-1.29240527712149,59.8527141028636
"866",30.5,"SD",30.455984037357,-0.352994288605753,61.2649623633198
"867",30.6,"SD",30.7261570034684,-0.120409897382526,61.5727239043194
"868",30.7,"SD",30.2464838729091,-0.0273707839264539,60.5203385297446
"869",30.8,"SD",30.5969078529468,0.656523275354285,60.5372924305393
"870",30.9,"SD",30.1358516404209,-0.0723844160586893,60.3440876969005
"871",31,"SD",29.6102081207441,-0.150815614443044,59.3712318559311
"872",31.1,"SD",29.9934957862917,0.681890936527775,59.3051006360556
"873",31.2,"SD",29.9525845002091,0.60376788061933,59.3014011197989
"874",31.3,"SD",29.9004915588857,0.705178366498544,59.0958047512729
"875",31.4,"SD",30.0146974283244,0.322180991498232,59.7072138651505
"876",31.5,"SD",31.0185594688753,1.16384898257735,60.8732699551732
"877",31.6,"SD",31.397489204138,1.80134629599974,60.9936321122762
"878",31.7,"SD",32.3708778453979,2.05733517192728,62.6844205188686
"879",31.8,"SD",33.217123395741,2.90855153503558,63.5256952564464
"880",31.9,"SD",33.6827132293943,2.75982337163035,64.6056030871583
"881",32,"SD",32.5766430195081,1.44269850222043,63.7105875367958
"882",32.1,"SD",32.4419989750012,1.40454622943384,63.4794517205685
"883",32.2,"SD",30.5783263386122,0.762248773883364,60.3944039033409
"884",32.3,"SD",29.4364346810378,0.00536203331391505,58.8675073287617
"885",32.4,"SD",28.7654694452276,-0.413897231680835,57.944836122136
"886",32.5,"SD",28.4837991014623,-0.347268497366414,57.314866700291
"887",32.6,"SD",29.7758518587807,-0.087065261187167,59.6387689787487
"888",32.7,"SD",31.8547057372835,0.490915199234916,63.2184962753321
"889",32.8,"SD",33.1583597497473,0.327798464176951,65.9889210353177
"890",32.9,"SD",32.9171513817019,-0.0217978419340525,65.8561006053379
"891",33,"SD",33.2054008474019,-0.414430524229942,66.8252322190337
"892",33.1,"SD",33.9318042168294,-0.839127039591901,68.7027354732506
"893",33.2,"SD",33.5856225572669,-1.02784753778003,68.1990926523138
"894",33.3,"SD",34.6811446680783,1.50493953338233,67.8573498027742
"895",33.4,"SD",33.8579889723783,1.83414273458804,65.8818352101685
"896",33.5,"SD",33.1494787425854,1.57820126579211,64.7207562193787
"897",33.6,"SD",34.4822005029792,2.61123853817904,66.3531624677794
"898",33.7,"SD",34.9808271405267,3.15102814374957,66.8106261373038
"899",33.8,"SD",34.8103842583303,3.0298700033806,66.59089851328
"900",33.9,"SD",33.8132500834054,2.50513234691061,65.1213678199002
"901",34,"SD",33.3042402743086,1.96638797256609,64.6420925760511
"902",34.1,"SD",34.3182529734405,1.10869414675575,67.5278118001252
"903",34.2,"SD",34.9024703978171,1.27714006437947,68.5278007312548
"904",34.3,"SD",35.4353492493769,0.0579660239704083,70.8127324747834
"905",34.4,"SD",37.3970309910636,0.229765169771191,74.564296812356
"906",34.5,"SD",36.982125449292,0.38349969983711,73.5807511987469
"907",34.6,"SD",34.877741252379,-0.782952148247581,70.5384346530056
"908",34.7,"SD",34.9037940955198,-1.7082451884659,71.5158333795055
"909",34.8,"SD",34.7175304364179,-1.71980783565066,71.1548687084864
"910",34.9,"SD",35.0878980787777,-0.337253825288933,70.5130499828444
"911",35,"SD",35.8474095008025,0.485169472328636,71.2096495292764
"912",35.1,"SD",35.4646096567114,0.0640492452628862,70.8651700681598
"913",35.2,"SD",36.8482872192082,1.07926015792356,72.6173142804929
"914",35.3,"SD",35.8040236846303,0.754135371032739,70.8539119982279
"915",35.4,"SD",35.9864127007591,1.09674315220984,70.8760822493084
"916",35.5,"SD",37.1071663418871,1.63949750052367,72.5748351832505
"917",35.6,"SD",38.8411479034667,1.39450152919741,76.2877942777361
"918",35.7,"SD",38.5855592635891,1.62081883823696,75.5502996889413
"919",35.8,"SD",36.9484676619918,2.13537159385046,71.7615637301331
"920",35.9,"SD",34.9303535957783,1.28139493415663,68.5793122574
"921",36,"SD",34.365425856878,1.65902181633518,67.0718298974209
"922",36.1,"SD",33.3558580007096,1.1763313922943,65.5353846091248
"923",36.2,"SD",31.8749580940258,0.786214626070162,62.9637015619815
"924",36.3,"SD",31.9068682747284,1.34588356394777,62.4678529855091
"925",36.4,"SD",31.8390749609636,0.750254641133086,62.9278952807941
"926",36.5,"SD",32.0175588295972,0.719649249895735,63.3154684092986
"927",36.6,"SD",31.2944594761816,0.0130298496055481,62.5758891027576
"928",36.7,"SD",31.8956413397456,-0.493385644943878,64.284668324435
"929",36.8,"SD",31.8837337604584,-0.441899234807789,64.2093667557245
"930",36.9,"SD",32.3485714651677,-0.193283481088038,64.8904264114234
"931",37,"SD",32.0403056160088,-0.641688431508165,64.7222996635257
"932",37.1,"SD",31.2719891571956,-1.266912161316,63.8108904757072
"933",37.2,"SD",30.7321152424829,-1.62131953539129,63.0855500203571
"934",37.3,"SD",30.277063465497,-1.0874276000799,61.6415545310738
"935",37.4,"SD",30.8008036563828,-0.756795075290988,62.3584023880565
"936",37.5,"SD",30.7097311718303,-0.881361622496591,62.3008239661572
"937",37.6,"SD",29.6698482639385,-1.55392612220599,60.893622650083
"938",37.7,"SD",29.0907326740811,-2.02014582362865,60.2016111717908
"939",37.8,"SD",29.4360271825436,-1.81291728545276,60.6849716505399
"940",37.9,"SD",29.6490472183386,-1.75809327206188,61.056187708739
"941",38,"SD",29.7567064534179,-1.53769032850387,61.0511032353397
"942",38.1,"SD",28.7273922057471,-2.8196964520891,60.2744808635834
"943",38.2,"SD",28.6929482810486,-3.92997561872196,61.3158721808191
"944",38.3,"SD",29.4510848632243,-2.96001733337235,61.862187059821
"945",38.4,"SD",29.8966018239117,-3.25376616514836,63.0469698129718
"946",38.5,"SD",29.8987406767064,-3.49568359295489,63.2931649463677
"947",38.6,"SD",29.392039583816,-3.71899373711769,62.5030729047497
"948",38.7,"SD",29.0173318043372,-4.11882359342169,62.1534872020961
"949",38.8,"SD",28.8513985563217,-3.98315740309579,61.6859545157391
"950",38.9,"SD",28.0914733120524,-4.2071033254626,60.3900499495675
"951",39,"SD",29.0859755375256,-3.07264063916424,61.2445917142154
"952",39.1,"SD",29.3743453781956,-3.12077213869047,61.8694628950817
"953",39.2,"SD",28.4733451737039,-3.42020066618198,60.3668910135897
"954",39.3,"SD",27.6799914635644,-4.59677657971269,59.9567595068415
"955",39.4,"SD",28.281050668293,-3.93661341774771,60.4987147543338
"956",39.5,"SD",27.5077656038353,-4.69154882154459,59.7070800292152
"957",39.6,"SD",26.8680002163036,-4.67003032469728,58.4060307573045
"958",39.7,"SD",25.8127417802903,-4.69690278462857,56.3223863452092
"959",39.8,"SD",25.3462760417873,-5.2944660305121,55.9870181140867
"960",39.9,"SD",26.3786045423563,-4.66282219617683,57.4200312808894
"961",40,"SD",24.651122106864,-4.64835215016098,53.9505963638889
"962",40.1,"SD",24.4666369493622,-4.17032239984673,53.1035962985711
"963",40.2,"SD",24.8860802176298,-4.52585695926354,54.2980173945232
"964",40.3,"SD",25.1743717452594,-4.51316828427819,54.8619117747971
"965",40.4,"SD",25.6615442208319,-4.02737482397129,55.3504632656351
"966",40.5,"SD",25.4870105373351,-4.44465400619698,55.4186750808672
"967",40.6,"SD",26.0021962371554,-4.47047857603335,56.4748710503442
"968",40.7,"SD",26.0090498243751,-4.19713278862744,56.2152324373777
"969",40.8,"SD",27.0443952330037,-3.2345679924746,57.323358458482
"970",40.9,"SD",26.6550952424959,-3.67245818890804,56.9826486738998
"971",41,"SD",27.8431005736834,-3.58996544220412,59.2761665895709
"972",41.1,"SD",28.206599414162,-4.43383646529574,60.8470352936198
"973",41.2,"SD",29.4415895329479,-3.52331506816984,62.4064941340656
"974",41.3,"SD",30.6917219643337,-2.92009715952726,64.3035410881947
"975",41.4,"SD",30.3669814095981,-2.90977538795542,63.6437382071517
"976",41.5,"SD",29.556416152354,-3.44749096406358,62.5603232687716
"977",41.6,"SD",30.1889646102333,-2.58197154111684,62.9599007615834
"978",41.7,"SD",31.2120091005176,-2.62963323074381,65.053651431779
"979",41.8,"SD",33.5752857877752,-1.74387456178656,68.894446137337
"980",41.9,"SD",32.8911536620669,-1.98934023287554,67.7716475570094
"981",42,"SD",31.8594117831891,-2.93836773526647,66.6571913016446
"982",42.1,"SD",32.544882077794,-2.07009028613724,67.1598544417251
"983",42.2,"SD",33.0423596913958,-1.23847944928302,67.3231988320745
"984",42.3,"SD",32.4506687498412,-1.57815278053108,66.4794902802135
"985",42.4,"SD",31.783521475567,-2.08057942657491,65.6476223777089
"986",42.5,"SD",31.1064913979084,-3.07985959530243,65.2928423911192
"987",42.6,"SD",31.6180307546085,-3.24726789743458,66.4833294066516
"988",42.7,"SD",32.7138859799756,-2.86376502724646,68.2915369871976
"989",42.8,"SD",34.3505881306563,-1.80997231191048,70.511148573223
"990",42.9,"SD",34.4220463848899,-0.993164140235912,69.8372569100157
"991",43,"SD",35.2738788236458,-0.215179747270092,70.7629373945617
"992",43.1,"SD",35.3374060052105,0.258090005715594,70.4167220047053
"993",43.2,"SD",33.8962686444745,-1.46224758504582,69.2547848739948
"994",43.3,"SD",33.6671198655186,-2.03644173142825,69.3706814624655
"995",43.4,"SD",35.2380584002843,-1.98496039786061,72.4610771984292
"996",43.5,"SD",34.6846137220147,-3.18158919483577,72.5508166388652
"997",43.6,"SD",35.5653754801965,-2.91169519671358,74.0424461571066
"998",43.7,"SD",35.4773988321274,-2.42979888954805,73.384596553803
"999",43.8,"SD",36.1250581007741,-2.40857146028062,74.6586876618288
"1000",43.9,"SD",36.5694562415758,-1.65849193705573,74.7974044202073
"1001",44,"SD",38.6763158157252,0.160051554744435,77.1925800767059
"1002",44.1,"SD",39.46201581838,1.10894235188636,77.8150892848736
"1003",44.2,"SD",39.339144878004,1.29631401506978,77.3819757409382
"1004",44.3,"SD",39.3884192365103,1.36113663731801,77.4157018357027
"1005",44.4,"SD",37.9469327410184,1.40894590808706,74.4849195739498
"1006",44.5,"SD",38.314071837693,1.57128543698293,75.056858238403
"1007",44.6,"SD",37.8240355646806,1.56752352124231,74.0805476081189
"1008",44.7,"SD",36.8264687233992,0.770037451054392,72.882899995744
"1009",44.8,"SD",36.2287533523516,1.03633414683543,71.4211725578678
"1010",44.9,"SD",35.251211705843,-0.153173904541063,70.6555973162271
"1011",45,"SD",35.7324729720689,-0.0932006858724392,71.5581466300103
"1012",45.1,"SD",35.7935538853663,0.837311883703222,70.7497958870293
"1013",45.2,"SD",36.650626535983,0.95103264912607,72.3502204228399
"1014",45.3,"SD",36.3588915244229,0.281362205983619,72.4364208428622
"1015",45.4,"SD",36.8050411826355,1.19678518009727,72.4132971851737
"1016",45.5,"SD",37.3880901802585,1.28624340282229,73.4899369576947
"1017",45.6,"SD",38.227077528388,1.79018686429538,74.6639681924806
"1018",45.7,"SD",38.6433165857489,1.54801198211751,75.7386211893804
"1019",45.8,"SD",37.9932569527935,0.373664955859333,75.6128489497276
"1020",45.9,"SD",38.5230162055454,0.159076618411788,76.886955792679
"1021",46,"SD",40.1101284199868,1.62063939235262,78.5996174476209
"1022",46.1,"SD",41.2106357991536,2.85069703041406,79.5705745678931
"1023",46.2,"SD",41.5628849588295,3.30554053558495,79.820229382074
"1024",46.3,"SD",41.2175353928173,2.20961891182528,80.2254518738094
"1025",46.4,"SD",40.373171942705,1.70671234267138,79.0396315427387
"1026",46.5,"SD",39.7193811375118,2.1955994181118,77.2431628569117
"1027",46.6,"SD",39.7757956772189,1.18082424020373,78.370767114234
"1028",46.7,"SD",39.4964342103783,0.80411082504466,78.188757595712
"1029",46.8,"SD",38.9122252205785,0.853218322100872,76.971232119056
"1030",46.9,"SD",37.8196890762052,0.398893929843403,75.2404842225669
"1031",47,"SD",37.6218911114231,-0.136983798277228,75.3807660211234
"1032",47.1,"SD",38.4045198960912,-0.0200698388679754,76.8291096310504
"1033",47.2,"SD",37.0269838853259,-0.270392114059476,74.3243598847113
"1034",47.3,"SD",37.9183776536454,0.0265410344714638,75.8102142728194
"1035",47.4,"SD",37.6492419953459,-0.931679373052063,76.2301633637438
"1036",47.5,"SD",36.742887055912,-0.831497420906985,74.317271532731
"1037",47.6,"SD",36.3827669209648,-1.71365421715939,74.4791880590889
"1038",47.7,"SD",36.3974306479305,-1.96045156542163,74.7553128612827
"1039",47.8,"SD",36.0448074467352,-1.98928890841207,74.0789038018824
"1040",47.9,"SD",36.3474694636224,-1.70117268051045,74.3961116077552
"1041",48,"SD",36.2681135802337,-1.44688650797198,73.9831136684395
"1042",48.1,"SD",35.1530276879757,-0.973470066128307,71.2795254420797
"1043",48.2,"SD",34.2040949017355,-0.60671393721681,69.0149037406877
"1044",48.3,"SD",34.2975944872408,-0.3007778029639,68.8959667774454
"1045",48.4,"SD",35.1516330282566,-0.463193233464324,70.7664592899774
"1046",48.5,"SD",35.2632495452971,0.0461911167062183,70.480307973888
"1047",48.6,"SD",36.2590344924972,-0.529944069516638,73.048013054511
"1048",48.7,"SD",36.6207651805388,-0.760436578719542,74.0019669397971
"1049",48.8,"SD",36.7091558214343,-0.084405504501305,73.5027171473698
"1050",48.9,"SD",36.7284171089997,0.0231783659786302,73.4336558520208
"1051",49,"SD",36.9400123090216,0.240018615899253,73.640006002144
"1052",49.1,"SD",36.5389041225983,0.00204006254506339,73.0757681826516
"1053",49.2,"SD",36.2444139981437,-0.107958846583799,72.5967868428712
"1054",49.3,"SD",37.4778831823394,0.0268858712710838,74.9288804934076
"1055",49.4,"SD",38.2976053007503,-0.400895262017443,76.9961058635181
"1056",49.5,"SD",37.7167197899442,-1.03651627273929,76.4699558526277
"1057",49.6,"SD",36.2590053080866,-1.45033351752025,73.9683441336935
"1058",49.7,"SD",36.383723493133,-1.14563898287346,73.9130859691395
"1059",49.8,"SD",36.4949413407555,-0.934981489495819,73.9248641710069
"1060",49.9,"SD",35.6556462634193,-1.14534751104531,72.4566400378838
"1061",50,"SD",35.3427686680973,-1.62604751359719,72.3115848497918
"1062",50.1,"SD",36.1328220797144,-1.12590417399813,73.3915483334269
"1063",50.2,"SD",35.9972626131946,-1.43083382454889,73.4253590509381
"1064",50.3,"SD",34.8108771608393,-1.0855152788961,70.7072696005747
"1065",50.4,"SD",34.0428516726641,-0.979603357574653,69.0653067029028
"1066",50.5,"SD",34.7685870752828,0.184348532430363,69.3528256181352
"1067",50.6,"SD",34.6515020295228,0.324374249784732,68.9786298092609
"1068",50.7,"SD",34.1645258985857,1.0163517968322,67.3127000003391
"1069",50.8,"SD",34.4283505011889,1.92256751076336,66.9341334916143
"1070",50.9,"SD",33.8506295900415,1.92161002677616,65.7796491533069
"1071",51,"SD",33.0803162348307,1.56024403167167,64.6003884379898
"1072",51.1,"SD",32.0203232742098,0.980095414728119,63.0605511336915
"1073",51.2,"SD",31.3253253844337,0.916604751677998,61.7340460171893
"1074",51.3,"SD",32.1632313719618,1.67560720957917,62.6508555343444
"1075",51.4,"SD",33.1090059700712,2.04241951301237,64.1755924271299
"1076",51.5,"SD",32.430532041781,1.59929408628426,63.2617699972777
"1077",51.6,"SD",31.6186589515454,0.97527839463223,62.2620395084586
"1078",51.7,"SD",30.6504180841746,0.314745601496472,60.9860905668528
"1079",51.8,"SD",30.9053399101686,0.288643390821431,61.5220364295157
"1080",51.9,"SD",31.1439974574118,0.716965611989647,61.5710293028339
"1081",52,"SD",30.6417501502901,0.491135710548285,60.7923645900319
"1082",52.1,"SD",29.5947363365614,-0.107543143247934,59.2970158163707
"1083",52.2,"SD",29.2739356849212,-0.529642415819435,59.0775137856618
"1084",52.3,"SD",30.2446161163306,0.165155145730321,60.3240770869308
"1085",52.4,"SD",31.1777869178211,0.895376975960644,61.4601968596815
"1086",52.5,"SD",31.0029949982818,0.921714777956502,61.0842752186072
"1087",52.6,"SD",31.2100365782287,0.825698561876713,61.5943745945806
"1088",52.7,"SD",31.1516833338061,0.949610483271602,61.3537561843406
"1089",52.8,"SD",30.9033199340357,0.58996900416901,61.2166708639025
"1090",52.9,"SD",31.4311569202085,0.704520427664725,62.1577934127522
"1091",53,"SD",31.044154502428,0.612007512237845,61.4763014926182
"1092",53.1,"SD",30.89337436715,0.522539202443387,61.2642095318567
"1093",53.2,"SD",30.2878389702657,0.41967913677507,60.1559988037563
"1094",53.3,"SD",29.8672446047495,0.349246214255519,59.3852429952434
"1095",53.4,"SD",30.2727160715515,0.549795986115509,59.9956361569874
"1096",53.5,"SD",30.7177430235601,0.973353601932498,60.4621324451878
"1097",53.6,"SD",31.7976215656157,1.67272327803547,61.9225198531959
"1098",53.7,"SD",32.0949399332273,1.87637723456499,62.3135026318896
"1099",53.8,"SD",32.7583068252696,2.35906034471975,63.1575533058195
"1100",53.9,"SD",32.8838074101746,2.58357197650263,63.1840428438466
"1101",54,"SD",31.5487780788586,1.7792223882155,61.3183337695018
"1102",54.1,"SD",30.4543174966833,1.30961392411501,59.5990210692515
"1103",54.2,"SD",30.8873295337029,1.4407550815494,60.3339039858563
"1104",54.3,"SD",30.6811673601701,1.22016934314801,60.1421653771921
"1105",54.4,"SD",30.897206042933,1.66383738277969,60.1305747030864
"1106",54.5,"SD",30.8030047563956,1.74927661894951,59.8567328938416
"1107",54.6,"SD",31.6323843657523,2.1602745831118,61.1044941483928
"1108",54.7,"SD",31.9982582913333,2.38742329072344,61.6090932919432
"1109",54.8,"SD",32.357474225363,2.65554249462571,62.0594059561003
"1110",54.9,"SD",33.1666953972581,3.15359647208353,63.1797943224326
"1111",55,"SD",33.3576272075104,3.51714190953127,63.1981125054895
"1112",55.1,"SD",31.874235245333,2.50853685545461,61.2399336352115
"1113",55.2,"SD",31.6859031028572,2.16604034446716,61.2057658612473
"1114",55.3,"SD",32.2473090701863,2.66302577033076,61.8315923700419
"1115",55.4,"SD",32.4495571530167,2.75695644521683,62.1421578608165
"1116",55.5,"SD",32.9435790146806,3.27965628455483,62.6075017448063
"1117",55.6,"SD",33.0434616707258,3.6430714415273,62.4438518999243
"1118",55.7,"SD",32.8835868392991,3.37517958729081,62.3919940913074
"1119",55.8,"SD",32.0911877715841,3.01737633009136,61.1649992130769
"1120",55.9,"SD",32.0073713364859,3.76603879174297,60.2487038812289
"1121",56,"SD",32.8030746097102,4.27286129280852,61.3332879266119
"1122",56.1,"SD",32.7137427300327,4.3043531761177,61.1231322839476
"1123",56.2,"SD",33.6302330668836,4.72561480361895,62.5348513301482
"1124",56.3,"SD",34.0089898454795,5.38235403762903,62.63562565333
"1125",56.4,"SD",34.605730135698,6.27258313015872,62.9388771412372
"1126",56.5,"SD",35.6314633792979,7.07536419347094,64.1875625651248
"1127",56.6,"SD",37.0451302427677,7.71991211682629,66.3703483687092
"1128",56.7,"SD",37.7104643308631,8.25793195468428,67.1629967070418
"1129",56.8,"SD",37.6264546298816,8.66608699237748,66.5868222673858
"1130",56.9,"SD",37.3066526234098,8.85220078933537,65.7611044574842
"1131",57,"SD",37.169806263276,8.94584642622605,65.393766100326
"1132",57.1,"SD",37.6457294167067,9.54090747177773,65.7505513616357
"1133",57.2,"SD",38.061074108906,9.5046009445524,66.6175472732597
"1134",57.3,"SD",38.2684184056083,9.38678455085743,67.1500522603592
"1135",57.4,"SD",39.3819238098484,10.4080467884125,68.3558008312843
"1136",57.5,"SD",39.2227581197086,10.4511962279258,67.9943200114913
"1137",57.6,"SD",39.6978005018388,10.7224771990046,68.6731238046729
"1138",57.7,"SD",39.145161884974,10.2975897881491,67.992733981799
"1139",57.8,"SD",39.8106917099844,10.8828809578319,68.7385024621369
"1140",57.9,"SD",40.6090486057824,11.4658616524035,69.7522355591613
"1141",58,"SD",40.0647335139587,10.9541429659315,69.175324061986
"1142",58.1,"SD",39.4471282224497,10.113384227947,68.7808722169525
"1143",58.2,"SD",40.5868633977865,11.0447065751968,70.1290202203762
"1144",58.3,"SD",40.3294293202406,10.9326814965464,69.7261771439348
"1145",58.4,"SD",39.2301649988556,10.2627168971753,68.197613100536
"1146",58.5,"SD",40.0005044261219,11.0595796900328,68.941429162211
"1147",58.6,"SD",41.2986293031164,11.9462692995655,70.6509893066674
"1148",58.7,"SD",41.746129208226,12.8508030169383,70.6414553995137
"1149",58.8,"SD",41.2208920190134,12.4712250053668,69.97055903266
"1150",58.9,"SD",40.6051458211586,12.0635783485656,69.1467132937515
"1151",59,"SD",40.2618311351364,11.6308088358724,68.8928534344005
"1152",59.1,"SD",39.3752283950082,10.7801920942062,67.9702646958103
"1153",59.2,"SD",40.2358646666195,11.4015824535902,69.0701468796487
"1154",59.3,"SD",39.4328383071078,10.7860042444839,68.0796723697316
"1155",59.4,"SD",39.0917838901411,10.4550793333476,67.7284884469346
"1156",59.5,"SD",39.5046880368776,11.1330192074822,67.8763568662731
"1157",59.6,"SD",38.5216876364714,10.2158081191675,66.8275671537752
"1158",59.7,"SD",38.542558561412,10.2268053668588,66.8583117559651
"1159",59.8,"SD",37.1713456179638,9.51617507043124,64.8265161654964
"1160",59.9,"SD",35.9511131834589,8.62782051123146,63.2744058556864
"1161",60,"SD",36.5249202950189,9.44372555306041,63.6061150369774
"1162",60.1,"SD",35.9213047584654,9.06489896272954,62.7777105542012
"1163",60.2,"SD",35.9927116924837,9.0782388905256,62.9071844944417
"1164",60.3,"SD",35.7851768793233,9.02132360230187,62.5490301563447
"1165",60.4,"SD",35.3207455076238,8.97795576974621,61.6635352455015
"1166",60.5,"SD",34.7927759797733,8.73288274091135,60.8526692186352
"1167",60.6,"SD",34.0986273784124,8.31688299901042,59.8803717578143
"1168",60.7,"SD",33.9188262935565,8.61358678294006,59.224065804173
"1169",60.8,"SD",34.3564870292033,9.05583562876976,59.6571384296369
"1170",60.9,"SD",34.0975799255427,8.87292783907735,59.322232012008
"1171",61,"SD",33.4861387707015,8.37417324161639,58.5981042997866
"1172",61.1,"SD",31.9627662297387,7.07336852979535,56.8521639296821
"1173",61.2,"SD",31.7145347490807,6.92656430379037,56.502505194371
"1174",61.3,"SD",31.189160761352,6.74671111482132,55.6316104078827
"1175",61.4,"SD",30.6940682541397,6.53574123466457,54.8523952736148
"1176",61.5,"SD",29.8279960821008,6.04959024339236,53.6064019208092
"1177",61.6,"SD",29.1145946044193,5.61105400284693,52.6181352059917
"1178",61.7,"SD",28.9268251054098,5.38467441879786,52.4689757920217
"1179",61.8,"SD",28.31803137957,5.2464512956167,51.3896114635234
"1180",61.9,"SD",28.6107102158626,5.29909065522595,51.9223297764993
"1181",62,"SD",27.5662702387816,4.61246940924844,50.5200710683147
"1182",62.1,"SD",26.8452257961243,4.06571912200366,49.624732470245
"1183",62.2,"SD",26.2939372765186,3.47633227093593,49.1115422821013
"1184",62.3,"SD",25.9647396320281,3.66113416144848,48.2683451026076
"1185",62.4,"SD",25.6690571567617,3.82959137373492,47.5085229397884
"1186",62.5,"SD",25.3373435982819,3.57162400878525,47.1030631877785
"1187",62.6,"SD",24.9820273825263,3.20495087788868,46.7591038871639
"1188",62.7,"SD",24.7581296871484,3.20939092131142,46.3068684529854
"1189",62.8,"SD",24.5322845442011,3.21847076238017,45.846098326022
"1190",62.9,"SD",24.5409779430762,2.94599272377832,46.135963162374
"1191",63,"SD",24.7828220436929,3.07887635854457,46.4867677288412
"1192",63.1,"SD",24.6795700772485,2.93235831820516,46.4267818362917
"1193",63.2,"SD",24.1805398395195,2.69747270329422,45.6636069757447
"1194",63.3,"SD",24.1685972298233,2.83383300170082,45.5033614579459
"1195",63.4,"SD",23.931205966698,2.62399314950326,45.2384187838927
"1196",63.5,"SD",23.4782410037577,2.1809676814006,44.7755143261148
"1197",63.6,"SD",22.1930371296745,1.48961169297255,42.8964625663764
"1198",63.7,"SD",21.5679004865086,1.23899802734287,41.8968029456743
"1199",63.8,"SD",21.2025510861176,1.02118830341797,41.3839138688173
"1200",63.9,"SD",20.9600489327981,0.839338120282317,41.0807597453139
"1201",64,"SD",20.9794890601061,1.13639274022912,40.822585379983
"1202",64.1,"SD",20.9861942723398,1.27184828651743,40.7005402581622
"1203",64.2,"SD",20.7664402026698,1.13257207673017,40.4003083286094
"1204",64.3,"SD",19.911697725329,0.602440286855199,39.2209551638028
"1205",64.4,"SD",19.5456477665733,0.557489929806831,38.5338056033397
"1206",64.5,"SD",18.7416931289322,0.239252269072885,37.2441339887915
"1207",64.6,"SD",18.010924417719,0.073012953813631,35.9488358816244
"1208",64.7,"SD",17.4392896114617,-0.263355107870499,35.1419343307939
"1209",64.8,"SD",16.485111101355,-0.670479836924784,33.6407020396348
"1210",64.9,"SD",16.2607681857214,-0.702878327313535,33.2244146987562
"1211",65,"SD",15.98017276372,-0.912051771141519,32.8723972985816
"1212",65.1,"SD",15.3491905982561,-1.21412656051863,31.9125077570308
"1213",65.2,"SD",15.1338023252301,-0.908298476161546,31.1759031266218
"1214",65.3,"SD",14.9292199403795,-1.01343750011188,30.8718773808708
"1215",65.4,"SD",14.9045688399969,-1.11966174915122,30.928799429145
"1216",65.5,"SD",15.0657795688838,-0.742927416585083,30.8744865543526
"1217",65.6,"SD",14.8071405740639,-0.62285255477466,30.2371337029024
"1218",65.7,"SD",15.0690451683389,-0.561096772499388,30.6991871091772
"1219",65.8,"SD",15.4373318539479,-0.371620662984274,31.24628437088
"1220",65.9,"SD",15.5320470282036,-0.213365029764061,31.2774590861714
"1221",66,"SD",14.8050119941404,-0.28291400261109,29.8929379908919
"1222",66.1,"SD",14.1792125553335,-0.516451311742459,28.8748764224095
"1223",66.2,"SD",14.267610532557,-0.553478282574465,29.0886993476885
"1224",66.3,"SD",13.9273574055353,-0.735436150681283,28.5901509617519
"1225",66.4,"SD",14.1067626383011,-0.598372546146731,28.811897822749
"1226",66.5,"SD",13.7960252985594,-0.632846770187095,28.2248973673058
"1227",66.6,"SD",13.7441135941013,-0.799013591521552,28.2872407797241
"1228",66.7,"SD",13.7567222813325,-0.867047072766345,28.3804916354314
"1229",66.8,"SD",13.4518722347429,-0.688556484446616,27.5923009539325
"1230",66.9,"SD",13.3454229816652,-0.619727923945687,27.310573887276
"1231",67,"SD",12.98724640059,-0.636371092556086,26.610863893736
"1232",67.1,"SD",12.1586660542835,-0.879843197255079,25.197175305822
"1233",67.2,"SD",12.270091705276,-0.518055478004166,25.0582388885561
"1234",67.3,"SD",11.7936863933877,-0.594006257440352,24.1813790442157
"1235",67.4,"SD",11.4960489951413,-0.580324458579909,23.5724224488625
"1236",67.5,"SD",10.9534153165639,-0.528512737986,22.4353433711137
"1237",67.6,"SD",10.3405176185084,-0.681981222079859,21.3630164590967
"1238",67.7,"SD",9.73250680270037,-0.981001917894607,20.4460155232954
"1239",67.8,"SD",9.55641787779931,-0.939917866186239,20.0527536217849
"1240",67.9,"SD",9.51985180115476,-1.11216918041717,20.1518727827267
"1241",68,"SD",9.27528955971279,-1.2808603047279,19.8314394241535
"1242",68.1,"SD",9.08466883656215,-1.16296113220971,19.332298805334
"1243",68.2,"SD",9.00267136459166,-1.18209481452831,19.1874375437116
"1244",68.3,"SD",8.66179191692298,-1.49263886705932,18.8162227009053
"1245",68.4,"SD",8.70019661880523,-1.70886849499582,19.1092617326063
"1246",68.5,"SD",8.54309069188099,-1.47530318023531,18.5614845639973
"1247",68.6,"SD",8.36638089709325,-1.70201544403471,18.4347772382212
"1248",68.7,"SD",8.34714777930875,-2.01770633274393,18.7120018913614
"1249",68.8,"SD",8.22418979077048,-2.10712790231252,18.5555074838535
"1250",68.9,"SD",7.81869801449705,-1.99222744204971,17.6296234710438
"1251",69,"SD",7.43091753029348,-2.19139690314815,17.0532319637351
"1252",69.1,"SD",7.08991257745835,-2.17733576643754,16.3571609213542
"1253",69.2,"SD",6.41532823753723,-2.3518054684176,15.1824619434921
"1254",69.3,"SD",5.85325729131069,-2.56647379579606,14.2729883784174
"1255",69.4,"SD",5.84923171048988,-2.63396190875631,14.3324253297361
"1256",69.5,"SD",5.70183490856972,-2.74574195377887,14.1494117709183
"1257",69.6,"SD",5.62497546872451,-2.76764913315851,14.0176000706075
"1258",69.7,"SD",5.34026292650799,-2.58802282039878,13.2685486734148
"1259",69.8,"SD",5.62544846960967,-2.58450622918315,13.8354031684025
"1260",69.9,"SD",5.25066777388145,-2.8711456668524,13.3724812146153
"1261",70,"SD",4.81412188308873,-2.85327331011788,12.4815170762953
"1262",70.1,"SD",4.24389837273335,-2.55020683807556,11.0380035835423
"1263",70.2,"SD",4.00121238749098,-2.6143842060769,10.6168089810589
"1264",70.3,"SD",3.9006382642692,-2.62554162486713,10.4268181534055
"1265",70.4,"SD",3.97697379590775,-2.45150367366565,10.4054512654811
"1266",70.5,"SD",4.10508467470359,-2.3735204986648,10.583689848072
"1267",70.6,"SD",3.87092420331353,-2.18703593576546,9.92888434239253
"1268",70.7,"SD",3.18355391815108,-2.11244708414463,8.4795549204468
"1269",70.8,"SD",3.37256229070584,-2.11520671022663,8.86033129163831
"1270",70.9,"SD",3.30183423219171,-2.17175313881765,8.77542160320107
"1271",71,"SD",3.2846618204909,-2.0479497594468,8.61727340042861
"1272",71.1,"SD",3.18742283823182,-1.97520602159188,8.35005169805553
"1273",71.2,"SD",3.15901949950402,-2.19351064669307,8.51154964570111
"1274",71.3,"SD",2.77321774503434,-2.13642046402315,7.68285595409183
"1275",71.4,"SD",2.34404081120485,-2.02162502337814,6.70970664578783
"1276",71.5,"SD",2.06596975358037,-2.03337394618705,6.16531345334779
"1277",71.6,"SD",2.15512278000239,-1.72682603290545,6.03707159291023
"1278",71.7,"SD",2.2569219842126,-1.64661582252763,6.16045979095282
"1279",71.8,"SD",2.57694163876216,-2.31410291699487,7.46798619451919
"1280",71.9,"SD",1.89890348068318,-1.54266336915032,5.34047033051668
"1281",72,"SD",1.77873749903954,-1.32828445680208,4.88575945488117
"1282",72.1,"SD",1.57432069305956,-1.30944620559033,4.45808759170945
"1283",72.2,"SD",1.50986198362014,-1.13342179263807,4.15314575987836
"1284",72.3,"SD",1.48815731121226,-1.32001527692246,4.29632989934698
"1285",72.4,"SD",1.33918642970106,-1.0567303884066,3.73510324780873
"1286",72.5,"SD",1.37971162329027,-1.11390934951816,3.87333259609869
"1287",72.6,"SD",1.53001424094457,-1.41260481478337,4.47263329667251
"1288",72.7,"SD",1.61589741754403,-1.66828806499038,4.90008290007844
"1289",72.8,"SD",1.74671304082701,-1.56323630509747,5.05666238675149
"1290",72.9,"SD",2.10090357395857,-1.74905649401073,5.95086364192787
"1291",73,"SD",1.63776007841684,-1.71986060989238,4.99538076672605
"1292",73.1,"SD",0.858117718573017,-1.28708033353971,3.00331577068574
"1293",73.2,"SD",0.719393196197936,-0.923381819735378,2.36216821213125
"1294",73.3,"SD",0.392430240659609,-0.234903279182255,1.01976376050147
"1295",73.4,"SD",0.364852335832822,-0.2138352473097,0.943539918975344
"1296",73.5,"SD",0.28604954440352,-0.120050956708198,0.692150045515239
"1297",73.6,"SD",0.325409582311405,-0.0622276875396387,0.713046852162448
"1298",73.7,"SD",0.396349470856453,-0.183035925675957,0.975734867388864
"1299",73.8,"SD",0.377677016350721,-0.0421867928917726,0.797540825593215
"1300",73.9,"SD",0.492212820764128,-0.0275307948286226,1.01195643635688
"1301",74,"SD",0.61474105276918,-0.0501141116957385,1.2795962172341
"1302",74.1,"SD",0.0793298309048017,0.0550645614028112,0.103595100406792
"1303",74.2,"SD",0.113651489807388,0.0176518228854616,0.209651156729313
"1304",74.3,"SD",0.0938612832961714,0.0302440436014901,0.157478522990853
"1305",74.4,"SD",0.0979369965692361,0.0409190332078148,0.154954959930657
"1306",74.5,"SD",0.109004025489597,0.0184462337238144,0.19956181725538
"1307",74.6,"SD",0.0863632820546627,0.0448315081271882,0.127895055982137
"1308",74.7,"SD",0.0771347111123696,0.0471758001326908,0.107093622092048
"1309",74.8,"SD",0.080835215592136,0.0426769572169086,0.118993473967363
"1310",74.9,"SD",0.0846080116927624,0.0429014750675398,0.126314548317985
"1311",75,"SD",0.0736895579099655,0.0541449295292265,0.0932341862907045
