"","LAT","LON","biomass"
"1",7.01642066284844,34.2337475212155,0.610214636809045
"2",7.01642066284844,34.2337475212155,0.888133270103239
"3",7.01642066284844,34.2337475212155,0.350956680473018
"4",7.01642066284844,34.2337475212155,0.338577394032735
"5",7.01642066284844,34.2337475212155,0.484931274858128
"6",7.01642066284844,34.2337475212155,0.722516688129718
"7",7.01642066284844,34.2337475212155,0.374721768437216
"8",7.01642066284844,34.2337475212155,0.809933548083248
"9",7.01642066284844,34.2337475212155,0.712996750352889
"10",7.01642066284844,34.2337475212155,0.432160895946915
"11",7.01642066284844,34.2337475212155,0.692941253783742
"12",7.01642066284844,34.2337475212155,0.569243961243914
"13",7.01642066284844,34.2337475212155,0.439100147610527
"14",7.01642066284844,34.2337475212155,0.380681464166802
"15",7.01642066284844,34.2337475212155,0.449118016787756
"16",7.01642066284844,34.2337475212155,0.50097303233822
"17",7.01642066284844,34.2337475212155,0.731916744163204
"18",7.01642066284844,34.2337475212155,0.868312359555233
"19",7.01642066284844,34.2337475212155,0.750181125208834
"20",7.01642066284844,34.2337475212155,0.42214234070514
"21",7.01642066284844,34.2337475212155,0.636106359509306
"22",7.00896713972814,34.232346531241,0.61618251060013
"23",7.00896713972814,34.232346531241,0.191955524203307
"24",7.00896713972814,34.232346531241,0.591352401907748
"25",7.00896713972814,34.232346531241,0.436717527515127
"26",7.00896713972814,34.232346531241,0.374717338115472
"27",7.00896713972814,34.232346531241,0.922172765645492
"28",7.00896713972814,34.232346531241,0.532764623302026
"29",7.00896713972814,34.232346531241,0.370063407181934
"30",7.00896713972814,34.232346531241,0.620215006184525
"31",7.00896713972814,34.232346531241,0.363365353312926
"32",7.00896713972814,34.232346531241,0.463216954587875
"33",7.00896713972814,34.232346531241,0.267346213021166
"34",-0.875030976841072,28.3763082592924,0.707288722665732
"35",-0.875030976841072,28.3763082592924,0.486342154848313
"36",-0.875030976841072,28.3763082592924,0.809881172994716
"37",-0.875030976841072,28.3763082592924,0.737744821661042
"38",-0.875030976841072,28.3763082592924,0.709536701017055
"39",-0.875030976841072,28.3763082592924,0.797332064182766
"40",-0.875030976841072,28.3763082592924,0.437071451180204
"41",-0.875030976841072,28.3763082592924,0.55461622202337
"42",-0.875030976841072,28.3763082592924,0.642465246478095
"43",-0.875030976841072,28.3763082592924,0.380157737256926
"44",-0.875030976841072,28.3763082592924,0.984120550903653
"45",-0.875030976841072,28.3763082592924,0.565814476663437
"46",-0.875030976841072,28.3763082592924,0.53685601851958
"47",-0.875030976841072,28.3763082592924,0.532191857401301
"48",-0.875030976841072,28.3763082592924,0.750813030999064
"49",-0.875030976841072,28.3763082592924,0.604443344838385
"50",-0.875030976841072,28.3763082592924,0.515516471652467
"51",-0.875030976841072,28.3763082592924,0.366667042123615
"52",-0.875030976841072,28.3763082592924,0.471181901904578
"53",-0.875030976841072,28.3763082592924,0.443543396748279
"54",-0.875030976841072,28.3763082592924,0.33382502301373
"55",-0.875030976841072,28.3763082592924,0.800442544782896
"56",-0.875030976841072,28.3763082592924,0.682206148185583
"57",-0.875030976841072,28.3763082592924,0.808024712300816
"58",-0.875030976841072,28.3763082592924,0.743846612334353
"59",-0.875030976841072,28.3763082592924,0.648012855883939
"60",-0.875030976841072,28.3763082592924,0.298569685726191
"61",-0.875030976841072,28.3763082592924,0.489108332086287
"62",-0.875030976841072,28.3763082592924,1.11989034562638
"63",-0.875030976841072,28.3763082592924,0.893901301570457
"64",-0.875030976841072,28.3763082592924,0.684798548509581
"65",-0.875030976841072,28.3763082592924,0.686342871580145
"66",-0.875030976841072,28.3763082592924,1.03971454286247
"67",-0.875030976841072,28.3763082592924,0.502365767125065
"68",-0.875030976841072,28.3763082592924,0.46037006928928
"69",-0.875030976841072,28.3763082592924,0.537631505869157
"70",-0.875030976841072,28.3763082592924,0.66302516651923
"71",-0.875030976841072,28.3763082592924,0.633404084815643
"72",-0.875030976841072,28.3763082592924,0.420814725167287
"73",-0.875030976841072,28.3763082592924,0.776167824761605
"74",-0.875030976841072,28.3763082592924,0.611647572381093
"75",-0.875030976841072,28.3763082592924,0.867537870451703
"76",-0.875030976841072,28.3763082592924,0.425477321507784
"77",-0.875030976841072,28.3763082592924,0.694162155759304
"78",-0.875030976841072,28.3763082592924,0.645064678132848
"79",-0.875030976841072,28.3763082592924,0.724855578848954
"80",-0.875030976841072,28.3763082592924,0.659530108956127
"81",-0.875030976841072,28.3763082592924,0.655751330673384
"82",-0.875030976841072,28.3763082592924,0.75667503298727
"83",-0.875030976841072,28.3763082592924,0.823977530550162
"84",-0.875030976841072,28.3763082592924,0.546691603099851
"85",-0.875030976841072,28.3763082592924,0.543054769254357
"86",-0.875030976841072,28.3763082592924,1.07087459391311
"87",-0.875030976841072,28.3763082592924,0.35678860939651
"88",-0.875030976841072,28.3763082592924,0.468700184276429
"89",-0.875030976841072,28.3763082592924,0.499563513761329
"90",-0.875030976841072,28.3763082592924,0.638089126939436
"91",-0.875030976841072,28.3763082592924,0.389999128306045
"92",-0.875030976841072,28.3763082592924,0.436078633665322
"93",-0.875030976841072,28.3763082592924,0.56443192763792
"94",-0.875030976841072,28.3763082592924,0.510393820988213
"95",-0.875030976841072,28.3763082592924,0.382375633833091
"96",-0.875030976841072,28.3763082592924,0.780891162719519
"97",-0.875030976841072,28.3763082592924,0.75443822530351
"98",-0.875030976841072,28.3763082592924,0.773583833688162
"99",-0.875030976841072,28.3763082592924,0.441685724580692
"100",-0.875030976841072,28.3763082592924,0.677279461904231
"101",-0.875030976841072,28.3763082592924,0.600563237178002
"102",-0.875030976841072,28.3763082592924,0.426914132018783
"103",-0.875030976841072,28.3763082592924,0.681690752673137
"104",-0.875030976841072,28.3763082592924,0.295689316613352
"105",-0.875030976841072,28.3763082592924,0.776875432875984
"106",-0.875030976841072,28.3763082592924,0.548053538588754
"107",-0.875030976841072,28.3763082592924,0.625077803403882
"108",-0.875030976841072,28.3763082592924,0.455851951665868
"109",-0.875030976841072,28.3763082592924,0.57467754998355
"110",-0.875030976841072,28.3763082592924,0.849268833509253
"111",-0.875030976841072,28.3763082592924,0.473061109797447
"112",-0.875030976841072,28.3763082592924,0.324994808362181
"113",-0.875030976841072,28.3763082592924,0.412210567086264
"114",-0.875030976841072,28.3763082592924,0.367987092017693
"115",-0.875030976841072,28.3763082592924,0.186742670451796
"116",-0.875030976841072,28.3763082592924,0.439353544985877
"117",-0.875030976841072,28.3763082592924,0.47935274293528
"118",-0.875030976841072,28.3763082592924,0.752318162614319
"119",-0.875030976841072,28.3763082592924,0.348223789385817
"120",-0.875030976841072,28.3763082592924,0.495965622504762
"121",-0.875030976841072,28.3763082592924,0.418868536377904
"122",-0.875030976841072,28.3763082592924,0.526476106729382
"123",-0.875030976841072,28.3763082592924,0.77112918863095
"124",-0.875030976841072,28.3763082592924,0.688073192030082
"125",-0.875030976841072,28.3763082592924,0.727482237552824
"126",-0.875030976841072,28.3763082592924,0.625226419978297
"127",-0.875030976841072,28.3763082592924,0.537387779400944
"128",-0.875030976841072,28.3763082592924,0.526358737675555
"129",-0.875030976841072,28.3763082592924,0.71797649976448
"130",-0.875030976841072,28.3763082592924,0.472670743790261
"131",-0.875030976841072,28.3763082592924,0.540376496231871
"132",-0.875030976841072,28.3763082592924,0.836377564977488
"133",-0.875030976841072,28.3763082592924,0.786249867767522
"134",-0.875030976841072,28.3763082592924,0.849585427816095
"135",-0.875030976841072,28.3763082592924,0.835902113605779
"136",-0.875030976841072,28.3763082592924,0.567231346588774
"137",-0.875030976841072,28.3763082592924,0.437156845920166
"138",-0.875030976841072,28.3763082592924,0.538653769899155
"139",-0.875030976841072,28.3763082592924,0.374321293509851
"140",-0.875030976841072,28.3763082592924,0.469936152597652
"141",-0.875030976841072,28.3763082592924,0.595597076039219
"142",-0.875030976841072,28.3763082592924,0.487221537824567
"143",-0.875030976841072,28.3763082592924,0.462605893889754
"144",-0.875030976841072,28.3763082592924,0.646112995081152
"145",-0.875030976841072,28.3763082592924,0.410188153151902
"146",-0.875030976841072,28.3763082592924,0.50813279229622
"147",-0.875030976841072,28.3763082592924,0.604448614128628
"148",-0.875030976841072,28.3763082592924,0.360847843813211
"149",-0.875030976841072,28.3763082592924,0.909593437577698
"150",-0.875030976841072,28.3763082592924,1.02964382363485
"151",-0.875030976841072,28.3763082592924,1.00968649332657
"152",-0.875030976841072,28.3763082592924,0.630575866281747
"153",-0.875030976841072,28.3763082592924,0.454649501608365
"154",-0.875030976841072,28.3763082592924,0.572504878912181
"155",-0.875030976841072,28.3763082592924,0.598613660142141
"156",-0.875030976841072,28.3763082592924,0.818385497402398
"157",-0.875030976841072,28.3763082592924,0.565041153419983
"158",-0.875030976841072,28.3763082592924,0.376850076072829
"159",-0.875030976841072,28.3763082592924,0.269975919361968
"160",-0.875030976841072,28.3763082592924,1.12281391969377
"161",-0.875030976841072,28.3763082592924,0.703926990043532
"162",-0.875030976841072,28.3763082592924,0.444396051089501
"163",-0.875030976841072,28.3763082592924,0.376001118031704
"164",-0.875030976841072,28.3763082592924,0.467541586373114
"165",-0.875030976841072,28.3763082592924,0.448779012998237
"166",-0.875030976841072,28.3763082592924,0.95215104186239
"167",-0.875030976841072,28.3763082592924,0.816712434362832
"168",-0.875030976841072,28.3763082592924,0.408385080678482
"169",-0.875030976841072,28.3763082592924,0.920808036859156
"170",-0.875030976841072,28.3763082592924,0.255063322228249
"171",-0.875030976841072,28.3763082592924,0.632348333590504
"172",-0.875030976841072,28.3763082592924,0.295832171633705
"173",-0.875030976841072,28.3763082592924,0.270711762583805
"174",-0.875030976841072,28.3763082592924,0.567996687868896
"175",-0.875030976841072,28.3763082592924,0.541598530032546
"176",-0.875030976841072,28.3763082592924,0.690474921423241
"177",-0.875030976841072,28.3763082592924,0.528175875958716
"178",-0.875030976841072,28.3763082592924,0.663473507429867
"179",-0.875030976841072,28.3763082592924,0.783156049787088
"180",-0.875030976841072,28.3763082592924,0.357643755576516
"181",-0.875030976841072,28.3763082592924,0.630531607695511
"182",-0.875030976841072,28.3763082592924,0.167079700807648
"183",-0.875030976841072,28.3763082592924,0.374933408844926
"184",-0.875030976841072,28.3763082592924,0.543925952683691
"185",-0.875030976841072,28.3763082592924,0.608862542985179
"186",-0.875030976841072,28.3763082592924,0.610417186040703
"187",-0.875030976841072,28.3763082592924,1.12649531076453
"188",-0.875030976841072,28.3763082592924,0.573032335709344
"189",-0.875030976841072,28.3763082592924,1.06264394752905
"190",-0.875030976841072,28.3763082592924,0.347149132719324
"191",-0.875030976841072,28.3763082592924,0.646137338159477
"192",-0.875030976841072,28.3763082592924,0.660487036859361
"193",-0.875030976841072,28.3763082592924,0.692894844139894
"194",-0.875030976841072,28.3763082592924,0.573166196856082
"195",-0.875030976841072,28.3763082592924,0.451912343925476
"196",-0.875030976841072,28.3763082592924,0.448115675103115
"197",-0.875030976841072,28.3763082592924,0.51976573863962
"198",-0.875030976841072,28.3763082592924,0.345662370271006
"199",-0.875030976841072,28.3763082592924,0.348331996665088
"200",-0.875030976841072,28.3763082592924,0.623176858653685
"201",-0.875030976841072,28.3763082592924,0.712824390201228
"202",-0.875030976841072,28.3763082592924,0.860319865591867
"203",-0.875030976841072,28.3763082592924,0.519578712492127
"204",-0.875030976841072,28.3763082592924,0.397585098398144
"205",-0.875030976841072,28.3763082592924,0.277379820091912
"206",-0.875030976841072,28.3763082592924,1.14146736929409
"207",-0.875030976841072,28.3763082592924,0.732544802637465
"208",-0.875030976841072,28.3763082592924,0.537021447189246
"209",-0.875030976841072,28.3763082592924,0.289116381332448
"210",-0.875030976841072,28.3763082592924,0.569021748082709
"211",-0.875030976841072,28.3763082592924,0.474173614508017
"212",-0.875030976841072,28.3763082592924,0.71570643243955
"213",-0.875030976841072,28.3763082592924,0.40591038384435
"214",-0.875030976841072,28.3763082592924,0.327037296713224
"215",-0.875030976841072,28.3763082592924,0.856449040276676
"216",-0.875030976841072,28.3763082592924,1.03175335199786
"217",-0.875030976841072,28.3763082592924,0.691757251192764
"218",-0.875030976841072,28.3763082592924,0.832188121261824
"219",-0.875030976841072,28.3763082592924,0.39488983088941
"220",-0.875030976841072,28.3763082592924,1.04430242875341
"221",-0.875030976841072,28.3763082592924,0.307243895358628
"222",-0.875030976841072,28.3763082592924,0.454036181003714
"223",-0.875030976841072,28.3763082592924,0.617812795227222
"224",-0.875030976841072,28.3763082592924,0.460339894540043
"225",-0.875030976841072,28.3763082592924,0.830935963507166
"226",-0.875030976841072,28.3763082592924,0.530914651737492
"227",-0.875030976841072,28.3763082592924,0.803140038553059
"228",-0.875030976841072,28.3763082592924,0.376788858332652
"229",-0.875030976841072,28.3763082592924,0.623535659167336
"230",-0.875030976841072,28.3763082592924,0.691920978670079
"231",-0.875030976841072,28.3763082592924,0.303107295259426
"232",-0.875030976841072,28.3763082592924,0.586445486057351
"233",-0.875030976841072,28.3763082592924,0.776144236968769
"234",-0.875030976841072,28.3763082592924,0.827614038289501
"235",-0.875030976841072,28.3763082592924,0.634654006406506
"236",-0.875030976841072,28.3763082592924,0.907462821116749
"237",-0.875030976841072,28.3763082592924,0.866048877952576
"238",-0.875030976841072,28.3763082592924,0.339034896372849
"239",-0.875030976841072,28.3763082592924,0.837574839543599
"240",-0.875030976841072,28.3763082592924,0.459792606160884
"241",-0.875030976841072,28.3763082592924,0.489034186959482
"242",-0.875030976841072,28.3763082592924,0.703747813338857
"243",-0.875030976841072,28.3763082592924,0.980485549553789
"244",-0.875030976841072,28.3763082592924,0.862768658610817
"245",-0.875030976841072,28.3763082592924,0.624405733038692
"246",-0.875030976841072,28.3763082592924,0.907663107841365
"247",-0.875030976841072,28.3763082592924,0.828951952096889
"248",-0.875030976841072,28.3763082592924,0.3726844626097
"249",-0.875030976841072,28.3763082592924,0.644030247735176
"250",-0.875030976841072,28.3763082592924,0.431980175855378
"251",-0.875030976841072,28.3763082592924,0.651883739634098
"252",-0.875030976841072,28.3763082592924,0.867979928297764
"253",-0.875030976841072,28.3763082592924,0.725047583818031
"254",-0.875030976841072,28.3763082592924,0.732703676777899
"255",-0.875030976841072,28.3763082592924,0.820651965099398
"256",-0.875030976841072,28.3763082592924,0.746058438770599
"257",-0.875030976841072,28.3763082592924,0.374112363306686
"258",-0.875030976841072,28.3763082592924,0.524739652402568
"259",-0.875030976841072,28.3763082592924,0.908051159971699
"260",-0.875030976841072,28.3763082592924,0.441251048568324
"261",-0.875030976841072,28.3763082592924,0.361891178042474
"262",-0.875030976841072,28.3763082592924,0.668695952079954
"263",-0.875030976841072,28.3763082592924,0.42390336150544
"264",-0.875030976841072,28.3763082592924,0.808659634909964
"265",-0.875030976841072,28.3763082592924,0.710716900228369
"266",-0.875030976841072,28.3763082592924,0.494459509623774
"267",-0.875030976841072,28.3763082592924,0.618326363518141
"268",-0.875030976841072,28.3763082592924,0.691084369238697
"269",-0.875030976841072,28.3763082592924,0.394918204361344
"270",-0.875030976841072,28.3763082592924,0.505143033139407
"271",-0.875030976841072,28.3763082592924,0.381272933284516
"272",-0.875030976841072,28.3763082592924,0.416270160932647
"273",-0.875030976841072,28.3763082592924,0.737839341237904
"274",-0.875030976841072,28.3763082592924,0.596173557022234
"275",-0.875030976841072,28.3763082592924,0.416515747736375
"276",-0.875030976841072,28.3763082592924,0.275350302413478
"277",-0.875030976841072,28.3763082592924,0.430730454249705
"278",-0.875030976841072,28.3763082592924,0.727581209519463
"279",-0.875030976841072,28.3763082592924,1.10503139116012
"280",-0.875030976841072,28.3763082592924,0.42386499357524
"281",-0.875030976841072,28.3763082592924,0.519594063706461
"282",-0.875030976841072,28.3763082592924,0.306107743361712
"283",-0.875030976841072,28.3763082592924,0.937877751537779
"284",-0.875030976841072,28.3763082592924,0.706919962197191
"285",-0.875030976841072,28.3763082592924,0.411037903021846
"286",-0.875030976841072,28.3763082592924,0.534520559133619
"287",-0.875030976841072,28.3763082592924,0.674232517705539
"288",-0.875030976841072,28.3763082592924,0.400088828545982
"289",-0.875030976841072,28.3763082592924,0.416158242597244
"290",-0.875030976841072,28.3763082592924,0.485933793469011
"291",-0.875030976841072,28.3763082592924,0.637301099219002
"292",-0.875030976841072,28.3763082592924,0.432120959880692
"293",-0.875030976841072,28.3763082592924,0.680288997204021
"294",-0.875030976841072,28.3763082592924,0.386969619839329
"295",-0.875030976841072,28.3763082592924,0.711149673733216
"296",-0.875030976841072,28.3763082592924,0.488358097872557
"297",-0.875030976841072,28.3763082592924,1.00114570355463
"298",-0.875030976841072,28.3763082592924,0.585099526927257
"299",-0.875030976841072,28.3763082592924,0.324410638356805
"300",-0.875030976841072,28.3763082592924,0.532621945140473
"301",-0.875030976841072,28.3763082592924,0.889468754073904
"302",-0.875030976841072,28.3763082592924,0.441865564978556
"303",-0.875030976841072,28.3763082592924,0.63836029039455
"304",-0.875030976841072,28.3763082592924,0.273614665176336
"305",-0.875030976841072,28.3763082592924,0.461962942835748
"306",-0.875030976841072,28.3763082592924,0.443193686239409
"307",-0.875030976841072,28.3763082592924,0.348209045262843
"308",-0.875030976841072,28.3763082592924,0.362167344693657
"309",-0.875030976841072,28.3763082592924,0.672455642826828
"310",-0.875030976841072,28.3763082592924,1.07399505359604
"311",-0.875030976841072,28.3763082592924,0.63504654400928
"312",-0.875030976841072,28.3763082592924,0.433925541537822
"313",-0.875030976841072,28.3763082592924,0.627311025750931
"314",-0.875030976841072,28.3763082592924,0.749622011495541
"315",-0.875030976841072,28.3763082592924,0.475220229961453
"316",-0.875030976841072,28.3763082592924,0.869012343950601
"317",-0.875030976841072,28.3763082592924,0.978615077009681
"318",-0.875030976841072,28.3763082592924,0.614981352193282
"319",-0.875030976841072,28.3763082592924,0.515668337768978
"320",-0.875030976841072,28.3763082592924,0.608710104821527
"321",-0.875030976841072,28.3763082592924,1.13126023214376
"322",-0.875030976841072,28.3763082592924,0.715276367512855
"323",-0.875030976841072,28.3763082592924,0.746900927515866
"324",-0.875030976841072,28.3763082592924,0.476990553241727
"325",-0.875030976841072,28.3763082592924,0.821796926596662
"326",-0.875030976841072,28.3763082592924,0.851809982108383
"327",-0.875030976841072,28.3763082592924,0.602983604837214
"328",-0.875030976841072,28.3763082592924,0.412038898907744
"329",-0.875030976841072,28.3763082592924,0.582137517051404
"330",-0.875030976841072,28.3763082592924,0.643097154477068
"331",-0.875030976841072,28.3763082592924,0.390225650095099
"332",-0.875030976841072,28.3763082592924,0.51386435771499
"333",-0.875030976841072,28.3763082592924,0.79885834284662
"334",-0.875030976841072,28.3763082592924,0.531709095992641
"335",-0.875030976841072,28.3763082592924,0.771409930209349
"336",-0.875030976841072,28.3763082592924,0.340116939478757
"337",-0.875030976841072,28.3763082592924,0.861851345188481
"338",-0.875030976841072,28.3763082592924,0.750416651934059
"339",-0.875030976841072,28.3763082592924,0.660998935299517
"340",-0.875030976841072,28.3763082592924,0.447400266881302
"341",-0.875030976841072,28.3763082592924,0.692837923799997
"342",-0.875030976841072,28.3763082592924,0.53120085470825
"343",-0.875030976841072,28.3763082592924,0.724643809892179
"344",-0.875030976841072,28.3763082592924,0.806645446039579
"345",-0.875030976841072,28.3763082592924,0.66596418037359
"346",-0.875030976841072,28.3763082592924,0.743857833148701
"347",-0.875030976841072,28.3763082592924,0.463444475875622
"348",-0.875030976841072,28.3763082592924,0.544953124914573
"349",-0.875030976841072,28.3763082592924,0.388616743973846
"350",-0.875030976841072,28.3763082592924,0.380117948228837
"351",-0.875030976841072,28.3763082592924,0.406878747480659
"352",-0.875030976841072,28.3763082592924,0.520905528512745
"353",-0.875030976841072,28.3763082592924,0.700429043402649
"354",-0.875030976841072,28.3763082592924,0.871294481764394
"355",-0.875030976841072,28.3763082592924,0.357247508939679
"356",-0.875030976841072,28.3763082592924,0.279308668999608
"357",-0.875030976841072,28.3763082592924,0.5531727678235
"358",-0.875030976841072,28.3763082592924,0.663505615393618
"359",-0.875030976841072,28.3763082592924,0.655637414947392
"360",-0.875030976841072,28.3763082592924,0.488997172244486
"361",-0.875030976841072,28.3763082592924,0.352722864369076
"362",-0.875030976841072,28.3763082592924,0.454361755406756
"363",-0.875030976841072,28.3763082592924,0.924091815698931
"364",-0.875030976841072,28.3763082592924,0.645693083810441
"365",-0.875030976841072,28.3763082592924,0.45978085299041
"366",-0.875030976841072,28.3763082592924,0.526529601623142
"367",-0.875030976841072,28.3763082592924,0.611110605311939
"368",-0.875030976841072,28.3763082592924,0.747961628704506
"369",-0.875030976841072,28.3763082592924,0.444660215724292
"370",-0.875030976841072,28.3763082592924,0.820453747134548
"371",-0.875030976841072,28.3763082592924,0.410497968934173
"372",-0.875030976841072,28.3763082592924,0.547191898988271
"373",-0.875030976841072,28.3763082592924,0.661807649282709
"374",-0.875030976841072,28.3763082592924,0.704682903065283
"375",-0.875030976841072,28.3763082592924,0.470718035968249
"376",-0.875030976841072,28.3763082592924,0.520795463845384
"377",-0.875030976841072,28.3763082592924,0.593781598790575
"378",-0.875030976841072,28.3763082592924,0.461192308312715
"379",-0.875030976841072,28.3763082592924,0.695058634978536
"380",-0.875030976841072,28.3763082592924,0.857900386437233
"381",-0.875030976841072,28.3763082592924,0.673408410236154
"382",-0.875030976841072,28.3763082592924,0.619634438714382
"383",-0.875030976841072,28.3763082592924,0.372788420459949
"384",-0.875030976841072,28.3763082592924,0.295396351126746
"385",-0.875030976841072,28.3763082592924,0.618349809020655
"386",-0.875030976841072,28.3763082592924,0.163660576513617
"387",-0.875030976841072,28.3763082592924,0.403147642815634
"388",-0.875030976841072,28.3763082592924,0.550021985812466
"389",-0.875030976841072,28.3763082592924,0.757942457233574
"390",-0.875030976841072,28.3763082592924,0.681753591518932
"391",-0.875030976841072,28.3763082592924,0.399435280824317
"392",-0.875030976841072,28.3763082592924,0.438621230381546
"393",-0.875030976841072,28.3763082592924,0.40100010748773
"394",-0.875030976841072,28.3763082592924,0.466448466256971
"395",-0.875030976841072,28.3763082592924,0.682677242883313
"396",-0.875030976841072,28.3763082592924,0.580485917740854
"397",-0.875030976841072,28.3763082592924,0.365990140373647
"398",-0.875030976841072,28.3763082592924,0.689550723024943
"399",-0.875030976841072,28.3763082592924,0.354048033724826
"400",-0.875030976841072,28.3763082592924,0.646840968631205
"401",-0.875030976841072,28.3763082592924,0.434175326104014
"402",-0.992033849531824,28.3575187101779,0.668791991489714
"403",-0.992033849531824,28.3575187101779,0.708165746807933
"404",-0.992033849531824,28.3575187101779,0.534378551920533
"405",-0.992033849531824,28.3575187101779,0.44015455284052
"406",-0.992033849531824,28.3575187101779,0.768399870624199
"407",-0.992033849531824,28.3575187101779,0.906604017216536
"408",-0.992033849531824,28.3575187101779,0.832827471550361
"409",-0.992033849531824,28.3575187101779,0.604420979475699
"410",-0.992033849531824,28.3575187101779,0.627807613567531
"411",-0.992033849531824,28.3575187101779,0.695739052279286
"412",-0.992033849531824,28.3575187101779,0.364208557616335
"413",-0.992033849531824,28.3575187101779,0.355312639354055
"414",-0.992033849531824,28.3575187101779,0.734246587372819
"415",-0.992033849531824,28.3575187101779,0.458625423272773
"416",-0.992033849531824,28.3575187101779,0.841420919915273
"417",-0.992033849531824,28.3575187101779,0.612107295665993
"418",-0.992033849531824,28.3575187101779,0.243941874196803
"419",-0.992033849531824,28.3575187101779,0.366924194192338
"420",-0.992033849531824,28.3575187101779,0.409799280161936
"421",-0.992033849531824,28.3575187101779,0.447370964469678
"422",-0.992033849531824,28.3575187101779,0.497549790369419
"423",-0.992033849531824,28.3575187101779,0.43644856468211
"424",-0.992033849531824,28.3575187101779,0.338719128754471
"425",-0.992033849531824,28.3575187101779,0.682701642275275
"426",-0.992033849531824,28.3575187101779,0.39982075763145
"427",-0.992033849531824,28.3575187101779,0.669382259030508
"428",-0.992033849531824,28.3575187101779,0.428754083371076
"429",-0.992033849531824,28.3575187101779,0.655891735182057
"430",-0.992033849531824,28.3575187101779,0.921312010797917
"431",-0.992033849531824,28.3575187101779,0.304463816433808
"432",-0.992033849531824,28.3575187101779,0.343663512675508
"433",-0.992033849531824,28.3575187101779,0.574739840578892
"434",-0.992033849531824,28.3575187101779,0.631136412827744
"435",-0.992033849531824,28.3575187101779,0.840003709077363
"436",-0.992033849531824,28.3575187101779,0.771615605841001
"437",-0.992033849531824,28.3575187101779,0.928237504412486
"438",-0.992033849531824,28.3575187101779,0.544932408874131
"439",-0.992033849531824,28.3575187101779,0.259906366443472
"440",-0.992033849531824,28.3575187101779,0.379932805071221
"441",-0.992033849531824,28.3575187101779,0.806519798388363
"442",-0.992033849531824,28.3575187101779,0.506694803679614
"443",-0.992033849531824,28.3575187101779,0.760585004182071
"444",-0.992033849531824,28.3575187101779,0.710750809413254
"445",-0.992033849531824,28.3575187101779,0.637330689333033
"446",-0.992033849531824,28.3575187101779,0.539675466582792
"447",-0.992033849531824,28.3575187101779,1.08544321964525
"448",-0.992033849531824,28.3575187101779,1.15120793466337
"449",-0.992033849531824,28.3575187101779,0.858480053762724
"450",-0.992033849531824,28.3575187101779,0.533961664369973
"451",-0.992033849531824,28.3575187101779,0.475317363981634
"452",-0.992033849531824,28.3575187101779,0.786351998598867
"453",-0.992033849531824,28.3575187101779,1.02345355457464
"454",-0.992033849531824,28.3575187101779,0.520861427839491
"455",-0.992033849531824,28.3575187101779,0.53771640714159
"456",-0.992033849531824,28.3575187101779,0.366016165464619
"457",-0.992033849531824,28.3575187101779,0.429840174735398
"458",-0.992033849531824,28.3575187101779,0.556867598937528
"459",-0.992033849531824,28.3575187101779,0.4227859412855
"460",-0.992033849531824,28.3575187101779,0.451692268754374
"461",-0.992033849531824,28.3575187101779,0.421160018188757
"462",-0.992033849531824,28.3575187101779,0.571302600729171
"463",-0.992033849531824,28.3575187101779,0.559668604485488
"464",-0.992033849531824,28.3575187101779,0.907450552654852
"465",-0.992033849531824,28.3575187101779,0.379167448445493
"466",-0.992033849531824,28.3575187101779,0.587074732967252
"467",-0.992033849531824,28.3575187101779,0.337162733091907
"468",-0.992033849531824,28.3575187101779,0.632319232341997
"469",-0.992033849531824,28.3575187101779,0.500097112938324
"470",-0.992033849531824,28.3575187101779,0.837559988916502
"471",-0.992033849531824,28.3575187101779,0.580141374869422
"472",-0.992033849531824,28.3575187101779,1.12464428005684
"473",-0.992033849531824,28.3575187101779,0.297608988257676
"474",-0.992033849531824,28.3575187101779,0.610652344147235
"475",-0.992033849531824,28.3575187101779,0.872911423410385
"476",-0.992033849531824,28.3575187101779,0.817556147111029
"477",-0.992033849531824,28.3575187101779,0.43131279546607
"478",-0.992033849531824,28.3575187101779,0.621043589724238
"479",-0.992033849531824,28.3575187101779,0.459686716264486
"480",-0.992033849531824,28.3575187101779,0.800740817450419
"481",-0.992033849531824,28.3575187101779,0.789388054385327
"482",-0.992033849531824,28.3575187101779,0.408186001789628
"483",-0.992033849531824,28.3575187101779,0.336875964365493
"484",-0.992033849531824,28.3575187101779,0.173189581356868
"485",-0.992033849531824,28.3575187101779,0.365468623098608
"486",-0.992033849531824,28.3575187101779,0.409722212392069
"487",-0.992033849531824,28.3575187101779,0.547760219490292
"488",-0.992033849531824,28.3575187101779,0.662475428753807
"489",-0.992033849531824,28.3575187101779,0.622025409195154
"490",-0.992033849531824,28.3575187101779,0.516739978805304
"491",-0.992033849531824,28.3575187101779,0.455006912127785
"492",-0.992033849531824,28.3575187101779,0.47210676836004
"493",-0.992033849531824,28.3575187101779,0.467922326475626
"494",-0.992033849531824,28.3575187101779,0.355034825003042
"495",-0.992033849531824,28.3575187101779,0.394266442302808
"496",-0.992033849531824,28.3575187101779,0.762910516335008
"497",-0.992033849531824,28.3575187101779,0.546119161463557
"498",-0.992033849531824,28.3575187101779,0.797070973038223
"499",-0.992033849531824,28.3575187101779,0.526316254428585
"500",-0.992033849531824,28.3575187101779,0.728918872646649
"501",-0.992033849531824,28.3575187101779,0.551983364241437
"502",-0.992033849531824,28.3575187101779,0.712401131386577
"503",-0.992033849531824,28.3575187101779,0.740229188712261
"504",-0.992033849531824,28.3575187101779,0.587134917885253
"505",-0.992033849531824,28.3575187101779,0.596150894526574
"506",-0.992033849531824,28.3575187101779,0.870630210640085
"507",-0.992033849531824,28.3575187101779,0.650542636304229
"508",-0.992033849531824,28.3575187101779,0.482004505265063
"509",-0.992033849531824,28.3575187101779,0.656938818454613
"510",-0.992033849531824,28.3575187101779,0.815129750368454
"511",-0.992033849531824,28.3575187101779,0.334035582046852
"512",-0.992033849531824,28.3575187101779,0.669104946680702
"513",-0.992033849531824,28.3575187101779,0.569938053444238
"514",-0.992033849531824,28.3575187101779,0.392677713936708
"515",-0.992033849531824,28.3575187101779,0.559918313709893
"516",-0.992033849531824,28.3575187101779,0.621054848395299
"517",-0.992033849531824,28.3575187101779,0.355622897490737
"518",-0.992033849531824,28.3575187101779,0.511144158167835
"519",-0.992033849531824,28.3575187101779,0.393469879668899
"520",-0.992033849531824,28.3575187101779,0.522554377785292
"521",-0.992033849531824,28.3575187101779,0.862991252564269
"522",-0.992033849531824,28.3575187101779,0.448678154974302
"523",-0.992033849531824,28.3575187101779,0.586338988736661
"524",-0.992033849531824,28.3575187101779,0.704233314121577
"525",-0.992033849531824,28.3575187101779,0.787340429113468
"526",-0.992033849531824,28.3575187101779,0.518327189868368
"527",-0.992033849531824,28.3575187101779,0.303892617354833
"528",-0.992033849531824,28.3575187101779,0.419756070574895
"529",-0.992033849531824,28.3575187101779,0.547064765486309
"530",-0.992033849531824,28.3575187101779,0.284001324911812
"531",-0.992033849531824,28.3575187101779,0.531566594980541
"532",-0.992033849531824,28.3575187101779,0.780467739690148
"533",-0.992033849531824,28.3575187101779,0.505277327012423
"534",-0.992033849531824,28.3575187101779,0.793587667114499
"535",-0.992033849531824,28.3575187101779,0.59736779366144
"536",-0.992033849531824,28.3575187101779,0.643585964754311
"537",-0.992033849531824,28.3575187101779,0.831931691931405
"538",-0.992033849531824,28.3575187101779,0.663417422984487
"539",-0.992033849531824,28.3575187101779,0.506659033769775
"540",-0.992033849531824,28.3575187101779,0.326319515192189
"541",-0.992033849531824,28.3575187101779,0.474470606341136
"542",-0.992033849531824,28.3575187101779,0.792145331002052
"543",-0.992033849531824,28.3575187101779,0.516402994893089
"544",-0.992033849531824,28.3575187101779,0.645065306801758
"545",-0.992033849531824,28.3575187101779,0.666552228659503
"546",-0.992033849531824,28.3575187101779,0.410253371645181
"547",-0.992033849531824,28.3575187101779,0.75702713475551
"548",-0.992033849531824,28.3575187101779,0.483622569500838
"549",-0.992033849531824,28.3575187101779,0.679877907975167
"550",-0.992033849531824,28.3575187101779,0.331334098055104
"551",-0.992033849531824,28.3575187101779,0.370678391881555
"552",-0.992033849531824,28.3575187101779,0.810834369546776
"553",-0.992033849531824,28.3575187101779,0.709272933655197
"554",-0.992033849531824,28.3575187101779,0.349101813453906
"555",-0.992033849531824,28.3575187101779,0.385426902066317
"556",-0.992033849531824,28.3575187101779,0.594377143951472
"557",-0.992033849531824,28.3575187101779,0.379104570226957
"558",-0.992033849531824,28.3575187101779,0.837249841149021
"559",-0.992033849531824,28.3575187101779,0.257557875171303
"560",-0.992033849531824,28.3575187101779,0.363920076722077
"561",-0.992033849531824,28.3575187101779,0.421498370880082
"562",-0.992033849531824,28.3575187101779,0.756102953856537
"563",-0.992033849531824,28.3575187101779,0.592085164060788
"564",-0.992033849531824,28.3575187101779,0.943493268179367
"565",-0.992033849531824,28.3575187101779,0.431092930036999
"566",-0.992033849531824,28.3575187101779,0.546347929465797
"567",-0.992033849531824,28.3575187101779,0.58987325422172
"568",-0.992033849531824,28.3575187101779,0.653775671415354
"569",-0.992033849531824,28.3575187101779,0.300966383262187
"570",-0.992033849531824,28.3575187101779,0.658587061237662
"571",-0.992033849531824,28.3575187101779,0.345026325750194
"572",-0.992033849531824,28.3575187101779,0.565692516905952
"573",-0.992033849531824,28.3575187101779,0.473978364298744
"574",-0.992033849531824,28.3575187101779,0.795580663858166
"575",-0.992033849531824,28.3575187101779,0.452032377804479
"576",-0.992033849531824,28.3575187101779,0.697742014926164
"577",-0.992033849531824,28.3575187101779,0.601456432004396
"578",-0.992033849531824,28.3575187101779,0.397412129003011
"579",-0.992033849531824,28.3575187101779,0.651252455809179
"580",-0.992033849531824,28.3575187101779,0.451268120172594
"581",-0.992033849531824,28.3575187101779,0.438593704405853
"582",-0.992033849531824,28.3575187101779,0.664983852820857
"583",-0.992033849531824,28.3575187101779,0.522568541994295
"584",-0.992033849531824,28.3575187101779,0.47373651022275
"585",-0.992033849531824,28.3575187101779,0.614943118646014
"586",-0.992033849531824,28.3575187101779,0.434962812557811
"587",-0.992033849531824,28.3575187101779,0.746866245985686
"588",-0.992033849531824,28.3575187101779,0.395031743660996
"589",-0.992033849531824,28.3575187101779,0.442062079057169
"590",-0.992033849531824,28.3575187101779,0.588667934521972
"591",-0.992033849531824,28.3575187101779,0.319808789564826
"592",-0.992033849531824,28.3575187101779,0.401449163286387
"593",-0.992033849531824,28.3575187101779,0.603608968211732
"594",-0.992033849531824,28.3575187101779,0.761980631807247
"595",-0.992033849531824,28.3575187101779,0.923406338429863
"596",-0.992033849531824,28.3575187101779,0.468077022903719
"597",-0.992033849531824,28.3575187101779,0.907335846914617
"598",-0.992033849531824,28.3575187101779,0.342220617751685
"599",-0.992033849531824,28.3575187101779,0.526312894798306
"600",-0.992033849531824,28.3575187101779,0.433178281399664
"601",-0.992033849531824,28.3575187101779,0.66315361937997
"602",-0.992033849531824,28.3575187101779,0.792575691576546
"603",-0.992033849531824,28.3575187101779,0.739750735724946
"604",-0.992033849531824,28.3575187101779,0.504524251800083
"605",-0.992033849531824,28.3575187101779,0.864085427044296
"606",-0.992033849531824,28.3575187101779,0.550778606332484
"607",-0.992033849531824,28.3575187101779,0.32927845764673
"608",-0.992033849531824,28.3575187101779,0.501961486964011
"609",-0.992033849531824,28.3575187101779,0.587859530735638
"610",-0.992033849531824,28.3575187101779,0.540897317880313
"611",-0.992033849531824,28.3575187101779,0.578627563493292
"612",-0.992033849531824,28.3575187101779,0.554034016419416
"613",-0.992033849531824,28.3575187101779,0.631376272557413
"614",-0.992033849531824,28.3575187101779,0.562687134778031
"615",-0.992033849531824,28.3575187101779,0.896378416506365
"616",-0.992033849531824,28.3575187101779,0.547635444671893
"617",-0.992033849531824,28.3575187101779,0.500464282152485
"618",-0.992033849531824,28.3575187101779,0.355010094533513
"619",-0.992033849531824,28.3575187101779,0.350829028356684
"620",-0.992033849531824,28.3575187101779,0.887165955255727
"621",-0.992033849531824,28.3575187101779,0.818773071761977
"622",-0.992033849531824,28.3575187101779,0.264476804719048
"623",-0.992033849531824,28.3575187101779,0.46911136710527
"624",-0.992033849531824,28.3575187101779,0.777456398392502
"625",-0.992033849531824,28.3575187101779,0.900602040698352
"626",-0.992033849531824,28.3575187101779,0.296982186799881
"627",-0.992033849531824,28.3575187101779,0.669831950794238
"628",-0.992033849531824,28.3575187101779,0.692941741486867
"629",-0.992033849531824,28.3575187101779,0.795088731837877
"630",-0.992033849531824,28.3575187101779,0.510149234408304
"631",-0.992033849531824,28.3575187101779,0.514539004935362
"632",-0.992033849531824,28.3575187101779,1.13047180252693
"633",-0.992033849531824,28.3575187101779,1.08248713804246
"634",-0.992033849531824,28.3575187101779,0.487018669989047
"635",-0.992033849531824,28.3575187101779,0.673028972245951
"636",-0.992033849531824,28.3575187101779,0.4735570664631
"637",-0.992033849531824,28.3575187101779,0.244866076550382
"638",-0.992033849531824,28.3575187101779,0.798938328643058
"639",-0.992033849531824,28.3575187101779,0.85274870396887
"640",-0.992033849531824,28.3575187101779,0.73386975641717
"641",-0.992033849531824,28.3575187101779,0.415252834250188
"642",-0.992033849531824,28.3575187101779,1.00902548401809
"643",-0.992033849531824,28.3575187101779,0.377514013185648
"644",-0.992033849531824,28.3575187101779,0.515462844641906
"645",-0.992033849531824,28.3575187101779,0.480702581044327
"646",-0.992033849531824,28.3575187101779,0.424735968706698
"647",-0.992033849531824,28.3575187101779,0.671506516097287
"648",-0.992033849531824,28.3575187101779,0.337751305583613
"649",-0.992033849531824,28.3575187101779,0.948056631368921
"650",-0.992033849531824,28.3575187101779,0.320962712258037
"651",-0.992033849531824,28.3575187101779,0.523369913619856
"652",-0.992033849531824,28.3575187101779,1.12589626379886
"653",-0.992033849531824,28.3575187101779,0.811903639285421
"654",-0.992033849531824,28.3575187101779,0.526577109206701
"655",-0.992033849531824,28.3575187101779,0.85086148010707
"656",-0.992033849531824,28.3575187101779,0.818490835561396
"657",-0.992033849531824,28.3575187101779,0.860804475646058
"658",-0.992033849531824,28.3575187101779,0.355537639758277
"659",-0.992033849531824,28.3575187101779,0.444273566449753
"660",-0.992033849531824,28.3575187101779,0.711243022875163
"661",-0.992033849531824,28.3575187101779,0.520021734592422
"662",-0.992033849531824,28.3575187101779,0.388644973741577
"663",-0.992033849531824,28.3575187101779,0.258633324486495
"664",-0.992033849531824,28.3575187101779,0.508338729821372
"665",-0.992033849531824,28.3575187101779,0.530763365212818
"666",-0.992033849531824,28.3575187101779,0.537895745240564
"667",-0.992033849531824,28.3575187101779,0.601479911689293
"668",-0.992033849531824,28.3575187101779,0.365788285792741
"669",-0.992033849531824,28.3575187101779,0.975036638766477
"670",-0.992033849531824,28.3575187101779,0.491212612155441
"671",-0.992033849531824,28.3575187101779,0.753453214269782
"672",-0.992033849531824,28.3575187101779,0.312911955265717
"673",-0.992033849531824,28.3575187101779,0.545483491522881
"674",-0.992033849531824,28.3575187101779,1.05130642637032
"675",-0.992033849531824,28.3575187101779,0.466072536136812
"676",-0.992033849531824,28.3575187101779,0.50098835055951
"677",-0.992033849531824,28.3575187101779,0.65252394348535
"678",-0.992033849531824,28.3575187101779,0.429712462523111
"679",-0.992033849531824,28.3575187101779,0.657560741748306
"680",-0.992033849531824,28.3575187101779,0.544274479054214
"681",-0.992033849531824,28.3575187101779,0.371471607601717
"682",-0.992033849531824,28.3575187101779,0.502852649178724
"683",-0.992033849531824,28.3575187101779,0.772947421873115
"684",-0.992033849531824,28.3575187101779,0.564967369731379
"685",-0.992033849531824,28.3575187101779,0.399026491952858
"686",-0.992033849531824,28.3575187101779,0.28143630286798
"687",-0.992033849531824,28.3575187101779,0.360375599426898
"688",-0.992033849531824,28.3575187101779,0.490066328594993
"689",-0.992033849531824,28.3575187101779,0.460335500477476
"690",-0.992033849531824,28.3575187101779,0.55766604273007
"691",-0.992033849531824,28.3575187101779,0.367281976760743
"692",-0.992033849531824,28.3575187101779,0.813904531820726
"693",-0.992033849531824,28.3575187101779,0.4932082393616
"694",-0.992033849531824,28.3575187101779,0.680923109087486
"695",-0.992033849531824,28.3575187101779,0.674707274210019
"696",-0.992033849531824,28.3575187101779,0.855171050365568
"697",-0.992033849531824,28.3575187101779,0.481364075044139
"698",-0.992033849531824,28.3575187101779,0.887239091789667
"699",-0.992033849531824,28.3575187101779,0.764648877862357
"700",-0.992033849531824,28.3575187101779,0.653760331360414
"701",-0.992033849531824,28.3575187101779,0.334857422913181
"702",-0.992033849531824,28.3575187101779,0.535674982202694
"703",-0.992033849531824,28.3575187101779,0.779133633143851
"704",-0.992033849531824,28.3575187101779,0.834438048473333
"705",-0.992033849531824,28.3575187101779,0.467197180487327
"706",-0.992033849531824,28.3575187101779,0.364832021779689
"707",-0.992033849531824,28.3575187101779,0.591958321504957
"708",-0.992033849531824,28.3575187101779,0.674809754798915
"709",-0.992033849531824,28.3575187101779,0.374148712769447
"710",-0.992033849531824,28.3575187101779,0.57060670132428
"711",-0.992033849531824,28.3575187101779,0.977150620700313
"712",-0.992033849531824,28.3575187101779,0.833332864199147
"713",-0.992033849531824,28.3575187101779,0.837116300304434
"714",-0.992033849531824,28.3575187101779,0.445197346522678
"715",-0.992033849531824,28.3575187101779,0.988987265781948
"716",-0.992033849531824,28.3575187101779,0.75904650282217
"717",-0.992033849531824,28.3575187101779,0.326899671457676
"718",-0.992033849531824,28.3575187101779,0.843372341790495
"719",-0.992033849531824,28.3575187101779,0.723920320328196
"720",-0.992033849531824,28.3575187101779,0.652248031828228
"721",-0.992033849531824,28.3575187101779,0.461245051654625
"722",-0.992033849531824,28.3575187101779,0.713507579278539
"723",-0.992033849531824,28.3575187101779,0.543421887669399
"724",-0.992033849531824,28.3575187101779,0.730603107738398
"725",-0.992033849531824,28.3575187101779,0.34348583549077
"726",-0.992033849531824,28.3575187101779,1.00357343040648
"727",-0.992033849531824,28.3575187101779,0.781924734280211
"728",-0.992033849531824,28.3575187101779,0.803944479999725
"729",-0.992033849531824,28.3575187101779,0.629594213422956
"730",-0.992033849531824,28.3575187101779,0.826935445594898
"731",-0.992033849531824,28.3575187101779,0.779138675020705
"732",-0.992033849531824,28.3575187101779,0.704053011842194
"733",-0.992033849531824,28.3575187101779,0.373850389211491
"734",-0.992033849531824,28.3575187101779,0.938051718948683
"735",-0.992033849531824,28.3575187101779,0.376370351491107
"736",-0.992033849531824,28.3575187101779,0.531588468837883
"737",-0.992033849531824,28.3575187101779,0.416020903167718
"738",-0.992033849531824,28.3575187101779,1.08561739026762
"739",-0.992033849531824,28.3575187101779,0.258224088654452
"740",-0.992033849531824,28.3575187101779,0.592697692549816
"741",-0.992033849531824,28.3575187101779,0.610977546363998
"742",-0.992033849531824,28.3575187101779,0.75533198013171
"743",-0.992033849531824,28.3575187101779,0.585073197495985
"744",-0.992033849531824,28.3575187101779,0.789058244079183
"745",-0.992033849531824,28.3575187101779,0.25283629382899
"746",-0.992033849531824,28.3575187101779,0.776851484972173
"747",-0.992033849531824,28.3575187101779,0.490155880797908
"748",-0.992033849531824,28.3575187101779,0.803603800548015
"749",-0.992033849531824,28.3575187101779,0.572526814333721
"750",-0.992033849531824,28.3575187101779,0.528048041025632
"751",-0.992033849531824,28.3575187101779,0.589957311800305
"752",-0.992033849531824,28.3575187101779,0.870855370819713
"753",-0.992033849531824,28.3575187101779,0.638551996765378
"754",-0.992033849531824,28.3575187101779,0.39771240634903
"755",-0.992033849531824,28.3575187101779,0.493223235497085
"756",-0.992033849531824,28.3575187101779,0.891498260125944
"757",-0.992033849531824,28.3575187101779,0.809659706429098
"758",-0.992033849531824,28.3575187101779,1.07439558005815
"759",-0.992033849531824,28.3575187101779,0.506499335435194
"760",-0.992033849531824,28.3575187101779,0.465488497626597
"761",-0.992033849531824,28.3575187101779,0.781172815426236
"762",-0.992033849531824,28.3575187101779,0.447859130385678
"763",-0.992033849531824,28.3575187101779,0.465033625887851
"764",-0.992033849531824,28.3575187101779,0.907055240000274
"765",-0.992033849531824,28.3575187101779,0.645068197314561
"766",-0.992033849531824,28.3575187101779,0.434649650631458
"767",-0.992033849531824,28.3575187101779,0.382709468573148
"768",-0.992033849531824,28.3575187101779,0.929318226030648
"769",-0.992033849531824,28.3575187101779,0.373661967776093
"770",-0.992033849531824,28.3575187101779,0.606589541879776
"771",-0.992033849531824,28.3575187101779,0.421602712282363
"772",-0.992033849531824,28.3575187101779,0.466039792024943
"773",-0.992033849531824,28.3575187101779,0.65897157583171
"774",-0.992033849531824,28.3575187101779,0.465157281677401
"775",-0.992033849531824,28.3575187101779,0.843895100410768
"776",-0.992033849531824,28.3575187101779,0.487634338122727
"777",-0.992033849531824,28.3575187101779,0.686170770795208
"778",-0.992033849531824,28.3575187101779,1.11244053452349
"779",-0.992033849531824,28.3575187101779,0.468869277197828
"780",-0.992033849531824,28.3575187101779,0.402101577260117
"781",-0.992033849531824,28.3575187101779,0.884792891536305
"782",-0.992033849531824,28.3575187101779,0.558237684852123
"783",-0.992033849531824,28.3575187101779,0.349405459103625
"784",-0.992033849531824,28.3575187101779,0.522424673095105
"785",-0.992033849531824,28.3575187101779,0.721530799839143
"786",-0.992033849531824,28.3575187101779,0.489180600856362
"787",-0.992033849531824,28.3575187101779,0.534899944037137
"788",-0.992033849531824,28.3575187101779,0.837666366609042
"789",-0.992033849531824,28.3575187101779,0.454913510350726
"790",-0.992033849531824,28.3575187101779,0.824260344506385
"791",-0.992033849531824,28.3575187101779,0.89191321409257
"792",-0.992033849531824,28.3575187101779,0.485024590230946
"793",-0.992033849531824,28.3575187101779,0.840341013368997
"794",-0.992033849531824,28.3575187101779,0.855072549079667
"795",-0.992033849531824,28.3575187101779,0.673582176344137
"796",-0.992033849531824,28.3575187101779,0.27273058397405
"797",-0.992033849531824,28.3575187101779,0.432392799582659
"798",-0.992033849531824,28.3575187101779,0.620027116041862
"799",-0.992033849531824,28.3575187101779,0.530027046590688
"800",-0.992033849531824,28.3575187101779,1.14563429543878
"801",-0.992033849531824,28.3575187101779,0.40892857486504
"802",-0.992033849531824,28.3575187101779,0.57920488050665
"803",-0.992033849531824,28.3575187101779,0.626263373082641
"804",-0.992033849531824,28.3575187101779,0.767289498601247
"805",-0.992033849531824,28.3575187101779,0.804167207779996
"806",-0.992033849531824,28.3575187101779,0.428973582643822
"807",-0.992033849531824,28.3575187101779,0.389891609970438
"808",-0.992033849531824,28.3575187101779,0.49091900173768
"809",-0.992033849531824,28.3575187101779,0.37489763225234
"810",-0.992033849531824,28.3575187101779,0.535845324571396
"811",-0.992033849531824,28.3575187101779,0.275164201634613
"812",-0.992033849531824,28.3575187101779,0.463279910071097
"813",-0.992033849531824,28.3575187101779,0.762443809493346
"814",-0.992033849531824,28.3575187101779,0.376773205259077
"815",-0.992033849531824,28.3575187101779,0.907647019430913
"816",-0.992033849531824,28.3575187101779,0.482392094451382
"817",-0.992033849531824,28.3575187101779,0.741527339486828
"818",-0.992033849531824,28.3575187101779,0.702377770006479
"819",-0.992033849531824,28.3575187101779,0.391199537941129
"820",-0.992033849531824,28.3575187101779,0.249035294410545
"821",-0.992033849531824,28.3575187101779,0.689045690366291
"822",-0.992033849531824,28.3575187101779,0.920752762917764
"823",-0.992033849531824,28.3575187101779,0.853129883841868
"824",-0.992033849531824,28.3575187101779,0.383364093287804
"825",-0.992033849531824,28.3575187101779,0.591699659945611
"826",-0.992033849531824,28.3575187101779,0.889255139207167
"827",-0.992033849531824,28.3575187101779,0.412183748588207
"828",-0.992033849531824,28.3575187101779,0.409892288726181
"829",-0.992033849531824,28.3575187101779,0.726024107244319
"830",-0.992033849531824,28.3575187101779,0.408975959855164
"831",-0.992033849531824,28.3575187101779,0.318510313634184
"832",-0.992033849531824,28.3575187101779,0.680689719738519
"833",-0.992033849531824,28.3575187101779,0.270061358960717
"834",-0.992033849531824,28.3575187101779,0.353920607334692
"835",-0.992033849531824,28.3575187101779,0.383740100949804
"836",-0.992033849531824,28.3575187101779,0.42330755972309
"837",-0.992033849531824,28.3575187101779,0.887152042061811
"838",-0.992033849531824,28.3575187101779,0.715297072994492
"839",-0.992033849531824,28.3575187101779,0.545759247370466
"840",-0.992033849531824,28.3575187101779,0.854243872209983
"841",-0.992033849531824,28.3575187101779,0.533754976084282
"842",-0.992033849531824,28.3575187101779,0.378501188707385
"843",-0.992033849531824,28.3575187101779,0.362806788600965
"844",-0.992033849531824,28.3575187101779,0.711305075241775
"845",-0.992033849531824,28.3575187101779,0.409398390829172
"846",-0.992033849531824,28.3575187101779,0.546241186560611
"847",-0.992033849531824,28.3575187101779,0.445210530524088
"848",-0.992033849531824,28.3575187101779,0.278209699072982
"849",-0.992033849531824,28.3575187101779,0.412304822100893
"850",-0.992033849531824,28.3575187101779,0.541015157605757
"851",-0.992033849531824,28.3575187101779,0.257135886348562
"852",-0.992033849531824,28.3575187101779,0.651177033145011
"853",-0.992033849531824,28.3575187101779,0.735558982154426
"854",-0.992033849531824,28.3575187101779,0.816844198875348
"855",-0.992033849531824,28.3575187101779,0.336455609853016
"856",-0.992033849531824,28.3575187101779,0.479313763906894
"857",-0.992033849531824,28.3575187101779,0.480788081570209
"858",-0.992033849531824,28.3575187101779,0.426620288354846
"859",-0.992033849531824,28.3575187101779,0.294340515757001
"860",-0.992033849531824,28.3575187101779,0.344964353167866
"861",-0.992033849531824,28.3575187101779,0.571543240967503
"862",-0.992033849531824,28.3575187101779,0.632313038341023
"863",-0.992033849531824,28.3575187101779,0.506865323245061
"864",-0.992033849531824,28.3575187101779,0.546459404529798
"865",-0.992033849531824,28.3575187101779,0.298489609105268
"866",-0.992033849531824,28.3575187101779,0.27805674544928
"867",-0.992033849531824,28.3575187101779,0.676687102774913
"868",-0.992033849531824,28.3575187101779,0.313068550776036
"869",-0.992033849531824,28.3575187101779,1.0045413282326
"870",-0.992033849531824,28.3575187101779,0.502606093942854
"871",-0.992033849531824,28.3575187101779,0.401480096311137
"872",-0.992033849531824,28.3575187101779,0.587036174546208
"873",-0.992033849531824,28.3575187101779,0.538561221656354
"874",-0.992033849531824,28.3575187101779,1.06114722548383
"875",-0.992033849531824,28.3575187101779,0.549947721733233
"876",-0.992033849531824,28.3575187101779,0.447865023622992
"877",-0.992033849531824,28.3575187101779,0.552189049239641
"878",-0.992033849531824,28.3575187101779,1.14300837660526
"879",-0.992033849531824,28.3575187101779,0.438464022643774
"880",-0.992033849531824,28.3575187101779,0.585826005277428
"881",-0.992033849531824,28.3575187101779,0.422664753219357
"882",-0.992033849531824,28.3575187101779,0.499425074803639
"883",-0.992033849531824,28.3575187101779,0.351043031695689
"884",-0.992033849531824,28.3575187101779,0.664553249624716
"885",-0.992033849531824,28.3575187101779,0.439429833032756
"886",-0.992033849531824,28.3575187101779,0.668859705227107
"887",-0.992033849531824,28.3575187101779,0.456142601427049
"888",-0.992033849531824,28.3575187101779,0.700906615448451
"889",-0.992033849531824,28.3575187101779,0.411974498310653
"890",-0.992033849531824,28.3575187101779,0.679611050409881
"891",-0.992033849531824,28.3575187101779,0.928717573657876
"892",-0.992033849531824,28.3575187101779,0.387238679912751
"893",-0.992033849531824,28.3575187101779,0.768495723549702
"894",-0.992033849531824,28.3575187101779,0.508626590202546
"895",-0.992033849531824,28.3575187101779,0.631279174515221
"896",-0.992033849531824,28.3575187101779,0.294874325282454
"897",-0.992033849531824,28.3575187101779,0.492618375173151
"898",-0.992033849531824,28.3575187101779,0.383528083880314
"899",-0.992033849531824,28.3575187101779,0.420673444654129
"900",-0.992033849531824,28.3575187101779,0.850028452124279
"901",-0.992033849531824,28.3575187101779,0.627189025635334
"902",-0.992033849531824,28.3575187101779,0.404534259184528
"903",-0.992033849531824,28.3575187101779,0.45547161790844
"904",-0.992033849531824,28.3575187101779,0.378153846908695
"905",-0.992033849531824,28.3575187101779,0.369722020562738
"906",-0.992033849531824,28.3575187101779,0.309559738848363
"907",-0.992033849531824,28.3575187101779,0.631577122158247
"908",-0.992033849531824,28.3575187101779,0.406442496862402
"909",-0.992033849531824,28.3575187101779,0.588198668802235
"910",-0.992033849531824,28.3575187101779,1.12129275463344
"911",-0.992033849531824,28.3575187101779,0.462476900505153
"912",-0.992033849531824,28.3575187101779,0.45757439859527
"913",-0.992033849531824,28.3575187101779,0.497898002624115
"914",-0.992033849531824,28.3575187101779,0.689180102678033
"915",-0.992033849531824,28.3575187101779,0.578792655344836
"916",-0.992033849531824,28.3575187101779,0.677737058243868
"917",-0.992033849531824,28.3575187101779,0.544995801348193
"918",-0.992033849531824,28.3575187101779,0.520270099036678
"919",-0.992033849531824,28.3575187101779,0.858487311738322
"920",-0.992033849531824,28.3575187101779,0.554203820244642
"921",-0.992033849531824,28.3575187101779,0.256969641078474
"922",-0.992033849531824,28.3575187101779,0.715385009531624
"923",-0.992033849531824,28.3575187101779,0.580509720348893
"924",-0.992033849531824,28.3575187101779,0.9305868968408
"925",-0.992033849531824,28.3575187101779,0.394005033467854
"926",-0.992033849531824,28.3575187101779,0.725116970554703
"927",-0.992033849531824,28.3575187101779,0.592851853565071
"928",-0.992033849531824,28.3575187101779,0.557004163382486
"929",-0.992033849531824,28.3575187101779,0.542506643702415
"930",-0.992033849531824,28.3575187101779,0.603530456135347
"931",-0.992033849531824,28.3575187101779,0.500625582845054
"932",-0.992033849531824,28.3575187101779,0.601163553229754
"933",-0.992033849531824,28.3575187101779,0.371998570195154
"934",-0.992033849531824,28.3575187101779,0.455934277674981
"935",-0.992033849531824,28.3575187101779,0.950887180763144
"936",-0.992033849531824,28.3575187101779,0.359431142910798
"937",-0.992033849531824,28.3575187101779,0.476430069838259
"938",-0.992033849531824,28.3575187101779,0.388451654767889
"939",-0.992033849531824,28.3575187101779,0.521431306251299
"940",-0.992033849531824,28.3575187101779,0.447609910625676
"941",-0.992033849531824,28.3575187101779,0.492832507413995
"942",-0.992033849531824,28.3575187101779,0.73101601250881
"943",-0.992033849531824,28.3575187101779,0.823245334996937
"944",-0.992033849531824,28.3575187101779,0.202885062166267
"945",-0.992033849531824,28.3575187101779,0.796856434875951
"946",-0.992033849531824,28.3575187101779,0.342676980909194
"947",-0.992033849531824,28.3575187101779,0.512983531712046
"948",-0.992033849531824,28.3575187101779,0.765583247258644
"949",-0.992033849531824,28.3575187101779,0.550207247639773
"950",-0.992033849531824,28.3575187101779,0.507614067325199
"951",-0.992033849531824,28.3575187101779,0.349572167552496
"952",-0.992033849531824,28.3575187101779,0.81018956409545
"953",-0.992033849531824,28.3575187101779,0.412839887482346
"954",-0.992033849531824,28.3575187101779,0.265528970529593
"955",-0.992033849531824,28.3575187101779,0.705212202001402
"956",-0.992033849531824,28.3575187101779,0.486727081605141
"957",-0.992033849531824,28.3575187101779,0.35608129100227
"958",-0.992033849531824,28.3575187101779,0.648039380012631
"959",-0.992033849531824,28.3575187101779,0.427999013387472
"960",-0.992033849531824,28.3575187101779,0.756396306404428
"961",-0.992033849531824,28.3575187101779,0.769106543557912
"962",-0.992033849531824,28.3575187101779,0.360664442974838
"963",-0.992033849531824,28.3575187101779,0.698088850812655
"964",-0.992033849531824,28.3575187101779,0.799530036631295
"965",-0.992033849531824,28.3575187101779,0.356476791625694
"966",-0.992033849531824,28.3575187101779,0.467435627457671
"967",-0.992033849531824,28.3575187101779,0.737537536106642
"968",-0.992033849531824,28.3575187101779,0.423527320035221
"969",-0.992033849531824,28.3575187101779,0.804445646538272
"970",-0.992033849531824,28.3575187101779,0.825117349116518
"971",-0.992033849531824,28.3575187101779,0.482291564412929
"972",-0.992033849531824,28.3575187101779,0.495264247864522
"973",-0.992033849531824,28.3575187101779,0.427615946090066
"974",-0.992033849531824,28.3575187101779,0.339282189257674
"975",-0.992033849531824,28.3575187101779,0.355271364814768
"976",-0.992033849531824,28.3575187101779,0.577022945020071
"977",-0.992033849531824,28.3575187101779,0.475245434042844
"978",-0.992033849531824,28.3575187101779,0.400582456828191
"979",-0.992033849531824,28.3575187101779,0.24667078487399
"980",-0.992033849531824,28.3575187101779,0.353743838242823
"981",-0.992033849531824,28.3575187101779,0.374236342628189
"982",-0.992033849531824,28.3575187101779,0.902595480620723
"983",-0.992033849531824,28.3575187101779,0.460036854667408
"984",-0.992033849531824,28.3575187101779,0.316943639833254
"985",-0.992033849531824,28.3575187101779,1.0513555154864
"986",-0.992033849531824,28.3575187101779,0.413998745832304
"987",-0.992033849531824,28.3575187101779,0.608542631958103
"988",-0.992033849531824,28.3575187101779,0.468866227305172
"989",-0.992033849531824,28.3575187101779,0.371542735279111
"990",-0.992033849531824,28.3575187101779,0.341551095721133
"991",-0.992033849531824,28.3575187101779,0.348359920817475
"992",-0.992033849531824,28.3575187101779,0.899575531134704
"993",-0.992033849531824,28.3575187101779,0.580155037710521
"994",-0.992033849531824,28.3575187101779,0.354522944783662
"995",-0.992033849531824,28.3575187101779,0.502240023031463
"996",-0.992033849531824,28.3575187101779,0.489212839333056
"997",-0.992033849531824,28.3575187101779,0.424753823600267
"998",-0.992033849531824,28.3575187101779,0.264561712935688
"999",-0.992033849531824,28.3575187101779,0.631580835060111
"1000",-0.992033849531824,28.3575187101779,0.514523573419276
